-- phpMyAdmin SQL Dump
-- version 5.0.4
-- https://www.phpmyadmin.net/
--
-- Host: 127.0.0.1
-- Generation Time: Apr 25, 2021 at 10:35 PM
-- Server version: 10.4.17-MariaDB
-- PHP Version: 8.0.1

SET SQL_MODE = "NO_AUTO_VALUE_ON_ZERO";
START TRANSACTION;
SET time_zone = "+00:00";


/*!40101 SET @OLD_CHARACTER_SET_CLIENT=@@CHARACTER_SET_CLIENT */;
/*!40101 SET @OLD_CHARACTER_SET_RESULTS=@@CHARACTER_SET_RESULTS */;
/*!40101 SET @OLD_COLLATION_CONNECTION=@@COLLATION_CONNECTION */;
/*!40101 SET NAMES utf8mb4 */;

--
-- Database: `your_wellbeing_db`
--

-- --------------------------------------------------------

--
-- Table structure for table `coaches`
--

CREATE TABLE `coaches` (
  `id` int(11) NOT NULL,
  `first_name` varchar(50) COLLATE latin1_bin NOT NULL,
  `last_name` varchar(50) COLLATE latin1_bin NOT NULL,
  `experience` int(11) NOT NULL,
  `speciality` varchar(50) COLLATE latin1_bin NOT NULL,
  `advice` text COLLATE latin1_bin NOT NULL,
  `email` varchar(100) COLLATE latin1_bin NOT NULL,
  `picture` blob DEFAULT NULL
) ENGINE=InnoDB DEFAULT CHARSET=latin1 COLLATE=latin1_bin;

--
-- Dumping data for table `coaches`
--

INSERT INTO `coaches` (`id`, `first_name`, `last_name`, `experience`, `speciality`, `advice`, `email`, `picture`) VALUES
(0, 'Nisarg', 'Chauhan', 5, 'test', 'test', 'nisarg405@gmail.com', 0xffd8ffe000104a46494600010101006000600000ffdb0043000302020302020303030304030304050805050404050a070706080c0a0c0c0b0a0b0b0d0e12100d0e110e0b0b1016101113141515150c0f171816141812141514ffdb00430103040405040509050509140d0b0d1414141414141414141414141414141414141414141414141414141414141414141414141414141414141414141414141414ffc00011080194026403012200021101031101ffc4001f0000010501010101010100000000000000000102030405060708090a0bffc400b5100002010303020403050504040000017d01020300041105122131410613516107227114328191a1082342b1c11552d1f02433627282090a161718191a25262728292a3435363738393a434445464748494a535455565758595a636465666768696a737475767778797a838485868788898a92939495969798999aa2a3a4a5a6a7a8a9aab2b3b4b5b6b7b8b9bac2c3c4c5c6c7c8c9cad2d3d4d5d6d7d8d9dae1e2e3e4e5e6e7e8e9eaf1f2f3f4f5f6f7f8f9faffc4001f0100030101010101010101010000000000000102030405060708090a0bffc400b51100020102040403040705040400010277000102031104052131061241510761711322328108144291a1b1c109233352f0156272d10a162434e125f11718191a262728292a35363738393a434445464748494a535455565758595a636465666768696a737475767778797a82838485868788898a92939495969798999aa2a3a4a5a6a7a8a9aab2b3b4b5b6b7b8b9bac2c3c4c5c6c7c8c9cad2d3d4d5d6d7d8d9dae2e3e4e5e6e7e8e9eaf2f3f4f5f6f7f8f9faffda000c03010002110311003f00fd3e5f126999b91f6b426df99b193b0633cf1c714c87c59a45c5bacf1df44f033f96b229254b6718071d6b5d68fc681992de28d296da59daf2310c4e6391f9c2303820f1c734ff00f848f4dfb5436df6b417332196387077b202016031c8048e7dc569fe3555b4db66d456f9a256bb488c2b337255090481e9920671d7033d0600219b5eb0b79a28e5b811bc84840c08dc7d071cd556f19e888672da940be4b6c972df70fa1f4efd6b6bd28fe5408ccff84934c6f207dad33703308e4799feefad3a4f10e9f0dd081ee552629bfcb20eedbeb8f4ad1e293bd0060dbf8f7c3f706211ead6eed2bec8d4372cdc703df91c7bd685d6bb61630f9d7172b0c5b82ef7040c9e83a55ee28e39a00a171af69f6ab1bcd70b1ac8c1159948058f41d3a9a88789b4b65ddf6b4d9e67925b9c07ce36e7d73dab578a38a00cfbad72c6ca3f327b8112642ee6520649c01d2aab78cf4345b866d4e00b030597e6fb8c49183e8720fe55b54500661f11e998b73f6b4ff481987afef063395f5e0d3e3f1069f2de3db25d2bdc2aef689412c067192315a1450050b7d72c6eda5586e165689b638404ed6f43c70689b5eb182e22b779c2cf282638f077363ae0639abf450067ff006f69e6ec5a9b85fb494de21c1ddb7d718a86d7c55a45f79df67be8a6f273e66cc9d98eb9f4e95af450063cde2cd1edec52f25bf8a3b59080b331214939e01fc0d5d1aa5ab2861264119042920fe956a8a00ce83c41a75ca48f0dd2c891b15765048523a834b6daf69f7b0acf05c2cd11381220241f5e715a18a280326dfc59a45e491c705f4733c8a59163cb1600e09181d334e5f1369925bc970b768d04648793076a91d72715a94500508f5db09bc9d9386332968f0a4ee518c91c74e47e753ff6841fde3ff7c1ff000ab1450055fed083fbe7fef86ff0a5fed183fbedff007c37f8559c7bd260fad302bff685bff7dbfef86ff0a3fb460fefb7fdf0dfe15639a5c7bd0056fed183fbedff007c37f851fda36ffdf6ff00be1bfc2ace0fad273480affda307f7dbfef86ff0a3fb460fefb7fdf0dfe156307d69707d69815bfb46dffbedff007c37f851fda307f7dbfef86ff0ab1cd183eb480aff00da507f7cff00df0dfe147f68dbff007dbfef86ff000ab38f7a4e69815ffb460fefb7fdf0dfe147f68c1fdf6ffbe1bfc2ac60fad2e3de802b7f695bff007cff00df0dfe147f6941fdf3ff007c37f8559c7bd18f7a4056fed283fbedff007c37f851fda507f7cffdf0dfe15671ef463de802b7f6941fdf3ff7c37f851fda16ff00df6ffbe1bfc2ace3de8e6802b7f68dbff7dbfef86ff0a3fb460fefb7fdf0dfe15671ef463de802b7f68c1fdf6ffbe1bfc28fed0b7fefb7fdf0dfe156307d68c1f5a6057fed183fbedff7c37f851fda307f7dbfef86ff000ab38f7a31ef4015bfb4a0fef9ff00be1bfc28fed183fbedff007c37f8559c7bd18f7a4056fed183fbedff007c37f851fda507f7dbfef86ff0ab38f7a31ef4c0adfda307f7cffdf0dfe147f68dbff7cffdf0dfe1567f0a3f0a4057fed1b7fef9ff00be1bfc293fb420fef9ff00be1bfc2ad5250056fed0b7fef9ff00be1bfc281a85bff7dbfef86ff0ab3494015ffb420ecedff7c37f851fda56ff00df6ffbe1bfc2ac8f7a0d0056fed2b7fefb7fdf0dfe148752b7fefb7fdf0dfe1567f4a3f1a6056fed2b7fef9ffbe1bfc297fb42dffbedff007c37f8559e68a00adfda16e3f8dbfef86ff0a3fb46dffbedff007c37f8559a4fc69015bfb42dff00bedff7c37f851fda16ff00df6ffbe1bfc2ad0a2802aff68dbff7dbfef86ff0a3fb42dffbedff007c37f8559fc6947d698157fb42dffbedff007c37f85156a8a005a4a5a290094514b40094b4514005145140051494b40051451400514514005145140051494b400514514005145140051451400514514005145140051451400514514005145140051451400514514005145140051451400514945002d1451400514514005145140051451400514514005145140051451400514514005145140051451400514514009452d25002d1451400514514005145140051451400514514009452d140051451400514514005145140087a567eb1acc7a3c48f246ce1ce06dad1ae57c79ff1ef69fefb7f214a4ec863ff00e13ab6ff009f79bf3147fc2756dff3ef37e62b8ba2b0e790ec769ff09d5b7fcfbcdf98a3fe13ab6ff9f79bf315c5d1473482c769ff0009d5b7fcfbcdf98a3fe13ab6ff009f79bf315c5d1473482c769ff09d5b7fcfbcdf98a3fe13ab6ff9f79bf315c5d1473482c769ff0009d5b7fcfbcdf98a3fe13ab6ff009f79bf315c5d1473482c769ff09d5b7fcfbcdf98a3fe13ab6ff9f79bf315c5d1473482c769ff0009d5b7fcfbcdf98a3fe13ab6ff009f79bf315c5d1473482c769ff09d5b7fcfbcdf98a3fe13ab6ff9f79bf315c5d1473482c769ff0009d5b7fcfbcdf98a3fe13ab6ff009f79bf315c5d1473482c769ff09d5b7fcfbcdf98a3fe13ab6ff9f79bf315c5d1473482c769ff0009d5b7fcfbcdf98a3fe13ab6ff009f79bf315c5d1473482c769ff09d5b7fcfbcdf98a3fe13ab6ff9f79bf315c5d1473482c769ff0009d5b7fcfbcdf98a3fe13ab6ff009f79bf315c5d1473482c769ff09d5b7fcfbcdf98a3fe13ab6ff9f79bf315c5d1473482c769ff0009d5b7fcfbcdf98a3fe13ab6ff009f79bf315c5d1473482c769ff09d5b7fcfbcdf98a3fe13ab6ff9f79bf315c5d1473482c769ff0009d5b7fcfbcdf98a3fe13ab6ff009f79bf315c5d1473482c769ff09d5b7fcfbcdf98a3fe13ab6ff9f79bf315c5d1473482c769ff0009d5b7fcfbcdf98a3fe13ab6ff009f79bf315c5d1473482c769ff09d5b7fcfbcdf98a3fe13ab6ff9f79bf315c5d1473482c769ff0009d5b7fcfbcdf98a3fe13ab6ff009f79bf315c5d1473482c769ff09d5b7fcfbcdf98a3fe13ab6ff9f79bf315c5d1473482c769ff0009d5b7fcfbcdf98a3fe13ab6ff009f79bf315c5d1473482c76abe39b6ff9f79bf315afa46ac9ac42f3468c88adb30dd73807fad799d76fe05ff905cfff005d8ffe82b571937b88e8e968a2b510514514005145140094b4514005252d21a005a29296800a28a2800a28a2800a28a2800a28a2800a28a4a005a28a2800a28a2800a28a2800ae5bc79ff1ef69fefb7f215d4d72de3cff008f7b4ff7dbf90a996c3471b45145730c28a28a0614514500145145001451450014514500145145001451450014514500145145001451450014514500145145001451450014514500145145001451450014514500145145001451450014514500145145001451450015dc7817fe41737fd763ff00a0ad70f5dc781bfe41537fd763ff00a0ad5c3e2133a3a28a2ba090a28a2800a2928cd002d1494b40052352d2374a00052d20a5a0028a28a0028a4a280168a28a0028a28a0029314b450014514500145145001451450015cb78f3fe3ded3fdf6fe42ba9ae5bc79ff1ef69fefb7f21532d868e368a28ae61851d68a2819a7a7e9cb710b3175cb32aa83d41cfff005aa296c95ae272aea90a36031e9f4a92d75636f6f14638dac49c28eb8e2a14ba4912549cb7cee1f7281d79edf8d00497163878426d0be507693b753cd39f4f1e45b08d924791dbe619038038e6924be858ac63ccf2bca1193c6ee0e734aba8430ac4b18660a5f3bc750c314c42c7a747e56ef3564065552e3b7a8a6ddd9c6d71218d9238636d9bb9c13fe34d5b8b78a3d88646f9d5be603b527daa1956549372ab3ef52a33f85003ee34ff00f498224c60c4accebd31dcd47aa4714732f92bb6328a47bf1d6a49b5255901b75f97ca119f339e9505fde7db3ca211536a85e290cab45145001451450014514500145145001451450014514500145145001451450014514500145145001451450014514500145145001451450014514500145145001451450015dc781bfe41537fd763ff00a0ad70f5dc781bfe41537fd763ff00a0ad5c3e2133a3a28a2ba090a28a2801314629692800a5a292800a0d00d2d00252d14500251452d002514b450014514500145145001451450014514500145145001451450015cb78f3fe3ded3fdf6fe42ba9ae5bc79ff1ef69fefb7f21532d868e368a28ae6185145140c28a28a0028a28a0028a28a0028a28a0028a28a0028a28a0028a28a0028a28a0028a28a0028a28a0028a28a0028a28a0028a28a0028a28a0028a28a0028a28a0028a28a0028a28a0028a28a0028a28a0028a28a002bb8f037fc82a6ffaec7ff415ae1ebb8f037fc82a6ffaec7ff415aa8fc42674745252d74921451498a005a29314b4005149de968012969bcd2d002d14514005145140051451400514514005145140051494b400514526280168a4c52d00145149400b5cb78f3fe3ded3fdf6fe42ba835cc78ebfe3ded31fdf6fe55136945b634719453994d26d35c9ed21dcad44a28a28f690ee01451451ed21dc028a28a3da43b805145147b487700a28a28f690ee01451451ed21dc028a28a3da43b805145147b487700a28a28f690ee01451451ed21dc028a28a3da43b805145147b487700a28a28f690ee01451451ed21dc028a28a3da43b805145147b487700a28a28f690ee01451451ed21dc028a28a3da43b805145147b487700a28a28f690ee01451451ed21dc02bb8f037fc82a6ff00aec7ff00415ae2541aedfc119fecb9bfebb1ff00d056ae9ca2e564c4ce8696917bd2d75921451450014514500252d14500145145001451450014514500145145001451450014514500251cfad2d140094b451400514514005145140095cd78d0030db71fc47f9574a6b9cf197fc7bdb71fc47f9578b9c3b606a35e5f9a3af0bfc689c89c71c526d5f4a7376e314dafca3999f4a185fee8fca8c2ff00747e5451473318617fba3f2a30bfdd1f951451ccc030bfdd1f95185fee8fca8a28e660185fee8fca8c2ff747e5451473300c2ff747e54617fba3f2a2a96b1a9369564b325b497723cf0c09044407669245418c9038dd9fc2aa3cd36a31d5b13924aecbdb57fba3f2a36aff00747e550d8ddc3a85b09e16df19257a10430243290790c082083c82083c8a9a93e68bb3d1874ba0dabfdd1f951b57fba3f2a4a297330d45dabfdd1f951b57fba3f2a4a28e661a8bb57fba3f2a36aff747e549451ccc35176aff00747e546d5fee8fca928a39986a2ed5fee8fca8dabfdd1f9525147330d45dabfdd1f951b57fba3f2a4a28e661a8bb57fba3f2a36aff00747e549451ccc35176aff747e546d5fee8fca928a39986a2ed5fee8fca8dabfdd1f9525147330d45dabfdd1f951b57fba3f2a4a28e661a8bb57fba3f2a36aff747e549451ccc35176aff00747e546d5fee8fca928a39986a2ed5fee8fca8dabfdd1f9525147330d45dabfdd1f951b57fba3f2a4a28e661a8bb57fba3f2a36aff00747e549451ccc35176aff747e546d5fee8fca928a39986a3b68f415d87837fe41b2e38fde9fe42b8f5aec3c1bff20d97feba9fe42be87206de392f267063bf847414b494b5fa81f3c145145001451450014d39a75250014134b48d40052d22f4a5a0028a28a0028a28a0028a28a0028a28a0028a28a0028a28a0028a28a0028a28a004ae73c644fd9adffde35d1d737e32ff008f6b7ff78d78b9cffb854f97e68edc1ff1a272792452d22f4a5afc98fa50a28a2818514526ec5002d148181e297be281051451400551d5867fb34e09c6a96278edfe95155eebd2aa6a9a5db6b1666d6f22f3a06747299c64ab061fa815bd0a8a8d58d47d1a644e3cd171ee57f18788b493a81d4fc3664d5aee71beeedec631247728ac63de1b202c83670dc865500f5561a2b9c0c8c564c7e1d58fc403524b878d15582dbc68a172c103127192311c7c0c72bdfb6bfe7f89aecccb150c655556114b4d7d4ca8d29518f2b77168a28af28e90a28a2800a28a2800a28a2800a28a2800a28a2800a28a2800a28a2800a28a2800a28a2800a28a2800a28a2800a28a2800a28a2800a28a2800a28a2800aebfc1ff00f20f93feba9fe42b90aebfc1ff00f20f93feba9fe42be9387ffdf97a33cec6ff0008e868a4a5afd44f9d0a28a2800a28a2800a4a296801283450680168a414b400514514005145140051451400514514005145140051451400514514005145140095cdf8cbfe3dadff00de35d25737e32ff8f6b7ff0078d78b9cff00b854f97e68edc1ff001a2726bd296917a52d7e4c7d285145140cb7a7dbac92317240519e1739ab4b6d6eb79023313f2e48dbf8d52b5bc7b5dfb7f88629cda83bde094e480318fc315e953a94634d292f7ae73ca337276d8923b117cfbd64e59b6aed4e3f1f4a20d29d9033920b12170b9e945aea4b6f1a0319ca1c8c1c03f5a3fb491d00911ced248dad81c9cd34f0b64deaff00aff824daa74248a11043b37c6b2973f78034b04322a61635794b90e08e83daab8ba83bc2720e4303fce991df325c49373b981c0cd2f6d4e2d6ba0f9645c16f1249336e58d41da99ee7bd66cb19858a30c106a64ba565092ab3283b86d383f4a8ae263713339182c6b96bd4a738a71dcd211927a8ca28a2b8d1b30a28a2a8414514500145145001451450014514500145145001451450014514500145145001451450014514500145145001451450014514500145145001451450015d7f83ff00e41f27fd753fc857215d7f83ff00e41f27fd753fc857d270ff00fbf2f4679d8dfe11d02d2d22d2d7ea27ce8514945002d145250014b4521a005a28a4a005a28a2800a28a2800a28a2800a28a2800a28a280128a5a28012968a28012969296800a28a28012b9bf197fc7b5bff00bc6ba4ae6fc65ff1ed6ffef1af1739ff0070a9f2fcd1d983fe344e4d7a52d22f4a5afc98fa60a28a2818514514005145140051451400514514980514515230a28a298828a28a0028a28a0028a28a0028a28a0028a28a0028a28a0028a28a0028a28a0028a28a0028a28a0028a28a0028a28a0028a28a0028a28a0028a28a002baff07ffc83e4ff00aea7f90ae42baff07ffc83e4ff00aea7f90afa4e1fff007e5e8cf3b1bfc237d69d4d5a757ea27ce885b1452d25002d1451400941a5a2800a28a2800a28a2800a28a2800a28a2800a28a2800a28a2801bcd2d2d140094734668a0039a5a28a0028a4cd14001ae6bc68db6ded8772c7f90ae94d71bf1235cd3f44b6b17bfbd82cd647608d33850c401902bc7cde12a982a9182bbd36f547461e71a756329bb23057df8a5e3d6b07fe13df0effd06ec7feff0a3fe13cf0e7fd06ec7feff000afcb7ea98aff9f52fb99ef7d770bff3f63f7aff00337b8f5a38ac1ff8581e1bff00a0dd8ffdfe147fc2c0f0dffd06ec7feff0a3ea98aff9f52fb987d770bff3f63f7aff00337b8a38ac1ff8581e1bff00a0dd8ffdfe147fc2c0f0dffd06ec7feff0a3ea98aff9f52fb987d770bff3f63f7aff00337b8a38ac1ff8581e1bff00a0dd8ffdfe147fc2c0f0dffd06ec7feff0a3ea98aff9f52fb987d770bff3f63f7aff00337b8a38ac1ff8581e1bff00a0dd8ffdfe147fc2c0f0dffd06ec7feff0a3ea98aff9f52fb987d770bff3f63f7aff00337b8a38ac1ff8581e1bff00a0dd8ffdfe147fc2c0f0dffd06ec7feff0a3ea989ff9f52fb987d770bff3f63f7aff00337b8a38ac1ff8581e1bff00a0dd8ffdfe147fc2c0f0dffd06ec7feff0a3ea789ff9f52fb987d770bff3f63f7aff00337b8a38ac1ff8581e1bff00a0dd8ffdfe147fc2c0f0dffd06ec7feff0a3ea789ff9f52fb987d770bff3f63f7aff00337b8a38ac1ff8581e1bff00a0dd8ffdfe147fc2c0f0dffd06ec7feff0a3ea789ff9f52fb987d770bff3f63f7aff00337b8a38ac1ff8581e1bff00a0dd8ffdfe147fc2c0f0dffd06ec7feff0a3ea789ff9f52fb987d770bff3f63f7aff00337b8a38ac1ff8581e1bff00a0dd8ffdfe147fc2c0f0dffd06ec7feff0a3ea789ff9f52fb987d770bff3f63f7aff00337b8a38ac1ff8581e1bff00a0dd8ffdfe147fc2c0f0dffd06ec7feff0a3ea789ff9f52fb987d770bff3f63f7aff00337b8a38ac1ff8581e1bff00a0dd8ffdfe147fc2c0f0dffd06ec7feff0a3ea789ff9f52fb987d770bff3f63f7aff00337b8a38ac1ff8581e1bff00a0dd8ffdfe147fc2c0f0dffd06ec7feff0a3ea789ff9f52fb987d770bff3f63f7aff00337b8a38ac1ff8581e1bff00a0dd8ffdfe147fc2c0f0dffd06ec7feff0a3ea789ff9f52fb987d770bff3f63f7aff00337b8a38ac1ff8581e1bff00a0dd8ffdfe147fc2c0f0dffd06ec7feff0a3ea789ff9f52fb987d770bff3f63f7aff00337b8a38ac1ff8581e1bff00a0dd8ffdfe147fc2c0f0dffd06ec7feff0a3ea789ff9f52fb987d770bff3f63f7aff00337b8a38ac1ff8581e1bff00a0dd8ffdfe147fc2c0f0dffd06ec7feff0a3ea789ff9f52fb987d770bff3f63f7aff00337b8a38ac1ff8581e1bff00a0dd8ffdfe147fc2c0f0dffd06ec7feff0a3ea789ff9f52fb987d770bff3f63f7aff00337b8a38ac1ff8581e1bff00a0dd8ffdfe147fc2c0f0dffd06ec7feff0a3ea789ff9f52fb987d770bff3f63f7aff00337b8a38ac1ff8581e1bff00a0dd8ffdfe147fc2c0f0dffd06ec7feff0a3ea789ff9f52fb987d770bff3f63f7aff00337b8a38ac1ff8581e1bff00a0dd8ffdfe147fc2c0f0dffd06ec7feff0a3ea789ff9f52fb987d770bff3f63f7aff00337b8a38ac1ff8581e1bff00a0dd8ffdfe147fc2c0f0dffd06ec7feff0a3ea789ff9f52fb987d770bff3f63f7aff003374902baff071ce9d2ffd753fc857991f1ff86dbfe63763ff007f857a0fc3bd62c75ad1e79ac2ee1bb896728cf0b8601b6a9c7e447e75f419161ebd3c6294e0d2b3dd347162b1542ad3e5a75137d934758b4ea68a5afd28f185a4a5a2800a28a2800a28a2800a28a2800a28a2800a28a2800a28a2800a28a2800a28a2800a28a4e6800a2968a0028a4a5a004a2968a006b1c57cd9fb6b12341f0bff00d7d4dffa02d7d286be6cfdb59bfe241e17ff00afa9bff405aefc0ffbc47e7f91f3fc41ff0022cade8bf347c99bcd1b8d0cd9a4afacb2ec7e0fccc5dc68dc6928a2cbb07331771a371a4a28b2ec1ccc5dc68dc6928a2cbb07331771a371a4a28b2ec1ccc5dc68dc6928a2cbb07331771a371a4a28b2ec1ccc5dc68dc6928a2cbb07331771a371a4a28b2ec1ccc5dc68dc6928a2cbb07331771a371a4a28b2ec1ccc5dc68dc6928a2cbb07331771a371a4a28b2ec1ccc5dc68dc6928a2cbb07331771a371a4a28b2ec1ccc5dc68dc6928a2cbb07331771a371a4a28b2ec1ccc5dc68dc6928a2cbb07331771a371a4a28b2ec1ccc5dc68dc6928a2cbb07331771a371a4a28b2ec1ccc5dc68dc6928a2cbb07331771a371a4a28b2ec1ccc7d7d8ffb1a7fc937d57fec2b21ff00c85157c6df8d7d95fb19ff00c937d57fec2927fe8a8abcdcc17ee34ee7d8f0b4af98c7d19ef828a168af963f67168a4a5a0028a2939cd002d149473400b4527349b8e71400ea28a2800a28a2800a28a2800a28a2800a28a2800a28a2800a28a2800a28a2800a28a28012be6bfdb5ff00e401e16ffaf99bff00405afa52be6bfdb63fe45ff0bffd7ccdff00a02d77e07fde61fd743e7b883fe4595bd17e68f9376d252ad2d7d858fc146d14ea4a43128a5c52aafca49e8393c521f2b1b8a31522af5c73de8db91b8ae074cd31f2b23c51526cce7d69bc671de80e51b453b0282076a761586d1451522b051451405828a28a02c1451450160a28a280b051451405828a28a02c1451450160a28a280b051451405828a28a02c1451450160a28a280b051451405828a28a02c1451450160a28a280b0ab5f657ec67ff0024df55ff00b0abff00e8a8abe355afb2bf633ff926faa7fd8564ff00d151579b98ff00bbbf547d870aaff8528fa33df0714b4515f287ed414514500145145001451450014940a280168a28a0028a28a0028a28a0028a28a0028a28a0028a28a0028a28a0028a28a0028a28a004ef5f35fedb1ff22ff85ffebe66ff00d016be94fe2af9aff6d8ff00917fc2ff00f5f337fe80b5df81ff007987f5d0f9ee20ff0091656f45f9a3e4d5a5a45a5afb267e0a1477a28a452dcf4df86fe118f50f0fea3772d96a323cfe5dac6d6f1a9077375527fdd355bc4d716de1ff00895225bdc5f69566ac904d218c6ef2d78c803b103f5ae7b41f1b5e68369696f02e56deec5dfdf23730185047a0e4fe355f47f143585d5dbde5baea50ddaec9a299cf2320821ba8208ae3709733933d955e97b28535a35adcf4982fad64f166a1addebc9796eda6493e9f35b2852aabf2721870e39fc79ac7d61743bef0df8665d527bdf3ae967da6254ca833b61dc91c9f61e95cd4de3991a67582ce2b7b3fb1b59456eac4f96ac724e4f24e4d4b6be3889743d374fbcd16d6f9b4fdc6de677656059cb7cd83c8c9e9ed53c92d1a3678aa72bc5ecff3baff00826b4d0dcfc3ff000ddcb5a4c897eda93db35ced05b622060013d33bbf4ab7a87856d75ed7ad6e5ede7c5d69b1ddc90d8a283e61f94f27e550796c9f5ae6ad7c6ecc2fa3d52c62d52deee7fb4bc52332ed93180548e9c718a963f88734979a8c977610dd5adec71c26d159a358d131b0291c8c62ab966b5b112af42568dfddedf79a9ad7c39b2f0dde5f4ba85c5c2e9b0430ca8b1ed33334a0954cfddc8c373ed5c5eb10e9f1dd03a65c4b3dab203fbe5c3a377538e0e3d4574b77f12a5d42ea4375a65b496125bc76cd64b954db1fdc20f5047afb9ae735cd522d5af04d0d9436112a044861e800f53dcfbd5c79bed1c988741afdd7fc133a8a28ad8f3c28a28a0028a28a0028a28a0028a28a0028a28a0028a28a0028a28a0028a28a0028a28a0028a28a0028a28a0028a28a0028a28a0028a28a0028a28a0028a28a0055afb2bf634ff926fa9ffd8564ff00d15157c6ab5f657ec69ff24df53ffb0ac9ff00a2a2af3731ff00777ea8fafe15ff0091947d19efb451457ca1fb485145140051451400514525002d235148d400ea28a2800a28a2800a28a2800a28a2800a28a2800a2928cd0014b45250014b499a5a0028a28a004af9aff6d8ff00917fc2ff00f5f337fe80b5f4a57cd7fb6c7fc8bfe17ffaf99bff00405aefc0ff00bcc3fae87cf7107fc8b2b7a2fcd1f26ad2d22d2d7d933f050a28a290c28c514505860514514005145140051b451450026da36d2d14084db46da5a280136d1b6968a004db46da5a280136d1b6968a004db46da5a280136d1b6968a004db46da5a280136d1b6968a004db46da5a280136d1b6968a004db46da5a280136d1b6968a004db46da5a280136d1b6968a004db46da5a280136d1b6968a003a57d93fb1a7fc937d4ffec2b27fe8a8abe36afb27f634ff00926faa7fd8564ffd1515797997fbbbf547d7f0affc8ca3e8cf7ca5a4a5af933f690a28a2801314b452668016928dc296801051d685a5a0028a28a0028a28a0028a28a0028a28a0028a28a002928e68e6800a28e71ef473e9400b45252d001452502800af9aff006d6ff917fc31ff005f537fe80b5f4a1af957f6f5f15695e17f0ef845f54bc4b38e6bb9c233824121172381ef5dd816a3888b7fd687819f4653cb6b462aeda5f9a3e635a5ae407c5bf087fd0760ff00be5fff0089a5ff0085b9e10ffa0edbff00df2fff00c4d7d7fb48773f10fa9e27fe7dbfb8eba8ae47fe16e7843fe83b6fff007cbfff001347fc2dbf087fd076dffef97ffe2697b48f70fa9e27fe7dbfb8eba8ae43fe16e7843fe83b6fff007cbff851ff000b73c21ff41db7ff00be5ffc28f691ee57d4f11ff3edfdc75f45721ff0b73c21ff0041db7ffbe5ff00c28ff85b9e10ff00a0edbffdf2ff00e147b48f70fa9e23fe7dbfb8ebe8ae43fe16e7843fe83b6fff007cbff851ff000b73c21ff41db7ff00be5ffc28f691ee1f53c47fcfb7f71d7d15c87fc2dcf087fd076dff00ef97ff000a3fe16e7843fe83b6ff00f7cbff00851ed23dc3ea788ff9f6fee3afa2b90ff85b9e10ff00a0edbffdf2ff00e147fc2dcf087fd076dffef97ff0a3da47b87d4f11ff003edfdc75f45721ff000b73c21ff41db7ff00be5ffc28ff0085b9e10ffa0edbff00df2ffe147b48f70fa9e23fe7dbfb8ebe9b24a90c65e475445e4b31c015c65e7c62f09dbdb49247abc571228f9638d5f2c7d3a57996b9f1221d7a72f71a8288f3f242a1822fe18fd6b0ab89853f367a384c9f138977945c63e87b35c78db44b662af7f1b1ff00a6619c7e601a8bfe160685ff003fbff9064ffe26bc2bfe125d33fe7ed3f23fe147fc24ba67fcfda7e47fc2b8bebb3ec8f7970fd2ebcdf87f91eebff0b0342ff9fdff00c8327ff1347fc2c0d0bfe7f7ff0020c9ff00c4d7857fc24ba67fcfda7e47fc28ff0084974cff009fb4fc8ff851f5d9f90ffd5fa5fdefc3fc8f75ff008581a17fcfeffe4193ff0089a3fe160685ff003fbff9064ffe26bc2bfe125d33fe7ed3f23fe147fc24ba67fcfda7e47fc28faecfc83fd5fa5fdefc3fc8f75ff8581a17fcfeff00e4193ff89a3fe160685ff3fbff009064ff00e26bc2bfe125d33fe7ed3f23fe147fc24ba67fcfda7e47fc28faecfc83fd5fa5fdefc3fc8f75ff008581a17fcfeffe4193ff0089a3fe160685ff003fbff9064ffe26bc2bfe125d33fe7ed3f23fe147fc24ba67fcfda7e47fc28faecfc83fd5fa5fdefc3fc8f75ff8581a17fcfeff00e4193ff89a3fe160685ff3fbff009064ff00e26bc2bfe125d33fe7ed3f23fe147fc24ba67fcfda7e47fc28faecfc83fd5fa5fdefc3fc8fa02cbc59a4ea0e121be88b9e8ac4a13f40715ad5f34ffc24ba67fcfda7e47fc2ba8f0afc5cb5d166486e6fbed162782a412d1fbaf1fa56b4f189bb4ce1c4f0fd48c79a85df933dba8ae407c5cf081e7fb760ff00be1fff0089a3fe16e7843fe83b6fff007cbff8577fb48f73e77ea789ff009f6fee3afa2b90ff0085b9e10ffa0edbff00df2ffe147fc2dcf087fd076dff00ef97ff000a3da47b87d4f11ff3edfdc75f45721ff0b73c21ff0041db7ffbe5ff00c28ff85b9e10ff00a0edbffdf2ff00e147b48f70fa9e23fe7dbfb8ebe8ae43fe16e7843fe83b6fff007cbff851ff000b73c21ff41db7ff00be5ffc28f691ee1f53c47fcfb7f71d7d15c87fc2dcf087fd076dff00ef97ff000a3fe16e7843fe83b6ff00f7cbff00851ed23dc3ea788ff9f6fee3afa2b90ff85b9e10ff00a0edbffdf2ff00e147fc2dcf087fd076dffef97ff0a3da47b87d4f11ff003edfdc75f45721ff000b73c21ff41db7ff00be5ffc28ff0085b9e10ffa0edbff00df2ffe147b48f70fa9e23fe7dbfb8ebebec8fd8d7fe49b6a9ff61593ff0045455f047fc2dcf087fd076dff00ef97ff000afb97f617f1169de26f855abdd697749796e9accb134880801841012391e8c3f3af37309c6542c9f53eaf8670f5a9660a53834acfa1f478a5a41d296be54fd84293be296900c5002d26da5a2801368a2968a004a5a28a0028a28a0028a28a0028a28a0028a28a0028a28a0028a2900c5002d145140052518c51b73400669692968010f4af81bfe0ad5ff224fc3cff00b085d7fe8b4afbe1abe07ff82b5ffc895f0f3fec2175ff00a2d2b7a3fc4471633f8123f3468a28af62c8f940a28a28b200a28a28b200a28a28b200a28a28b200a28a28b200a28a28b200a28a28b201d1af19cd3b1ef491fdc1f4a7570cb567b54d72c5247a75adaf853c27f0fbc33aaeabe197f10deeb0d7459db5196d8442290200020c1c839e7ffd59ff0011b47d0c7867c29afe89a5b68a9ab2dd096cfed2f70aa629020219b9c9c9fd3f1eefc77f077c5171e15f08683a5e98750feca82779ee85c44886499c3b22866070a475c739159de38f87bacd87c15d164d4ed0e9d75e1d9e649227963904d1cf2a90ea518e0862ab83ee6b3d0d753c5b1ef463de968ab100032324e2ba7d7bc2902e9716afa34af75a71502556ff00591301cee1fe719f4c57315e9fe0ebc30787b4d874e6d25eea5f305ddbdc48167946f3b5463bedcfdef6ed59cb4d5151d7438e87c3b6b6d75690ea77e2d52eed44f1cd10dea8c58850d8ed80738e959fade8b71a0ea0f697182c006574395753d181f4aef35af0e47e1f69b518ece49f49bbb568a5b661f3da6e218103d037e5cd739e266dde18f0c79a7373e4ca0faf97bc6cfc319a49dd8da397c7bd18f7a5a2b520bfa0e8379e26d62d34bb08fcdbbba7f2e35ce07a924f6006493e82bbbbe4f87fe0799b4f96c2ebc67a8c24a5c4ff006b6b5b60e382b195f988073c9e0fad45f03f7ffc241adfd9b3fda5fd8b77f61dbd7cfda36e3df1bab33c3fff000afbfb220fedcff8497fb53e6f3bfb3fecfe47de3b76eff9beee339ef9a919ae3c25e1af88161752f8445de99addb46666d16f24f356741d7c993a961e8793fad79ae3debd3fc23ff08f7fc2cbf08ffc219fdb5e77db07dabfb53caff57919d9e5ff00b1e6673edef5c478bfecff00f0966b7f64c7d93edd3f938e9b3cc6dbfa628406238c37d6929d27f0fd69b5db4f589e45756a8ec14514569647385145145900514514590051451459005145145900514514590057eab7fc129ffe4de7c43ff6345c7fe925a57e54d7eab7fc129ffe4defc43ff6345c7fe925a572e23e03d2cbff008e7da34b4515e51f4c14514500145275a5a0028a28a0028a290d002d145140051451400514514005145140051451400868a5a280128e7d2968a00292968a00292968a004c0af81bfe0ad7ff2257c3cff00b085d7fe8b4afbe7d6be06ff0082b5ff00c895f0f3fec2175ffa2d2b7a1fc4471633f812feba9f9a3451457b27ca05145148028c53e1b79ae9bcb863695f04ed4524e00c93c7b53daca70f1298650d28cc6bb0e5c671c7af3e94ae3b10d15b767e07f11ea1079f69a06a9730ee2be64565232e41c1190bd8d16fe09f11dddafda60f0fea935b0dd99a3b3919063af2171c60d4f315cafb189462976b2e78e73de9f6b6d35edc2436f149713c8db5628d4b331f40077a399f41588e8ad5d2fc29ad6b5e69d3f46d42ff00cb6d927d96d6493637a36d0707eb59d736b3d8dc496f730c96f3c6c55e2954ab2b0ea083d0d3b8588e8a28a39985828a28a399858589baaf7152540d9fbcbf785491ccb271d1bfba6b9269a773d4a13528f2bdcec3e13f892cbc23f1034ad5b51675b3b732f98d1aee23744e838fab0ae4a8a2b33a428a28a2e160a54768dd5d18ab29c8653820fad25145c2c765a5fc469e2d405d5fa3dc8169f6668d180598862433023d18f4feb59fe2eb3d315adaf34bbb57b7b85245a1277c1cf231d8649e3eb8cd73b454dacee8af50a28a2aae4d8d0d075cbcf0ceb169aa5849e55ddabf991b751ee0fa823208f435dddf37c3ff001c4cd7f2dfdd78335198efb887ecad756c5cf24c614ee009cf0781d8579a5140cf4a1e2cf0d7c3fb0ba8bc22d75a9eb7731985b5abc8fca5810f5f263ea188ee791fa579ad1513cdfc29cb7af6142bf42652515760edb9f1e94522aed14b5d91f7558f1aa4b9e4e41451455f3322c1451451ccc2c1451451ccc2c1451451ccc2c1451451ccc2c1451451ccc2c15faadff04a7ff937bf10ff00d8d171ff00a49695f9535faadff04a7ff937bf10ff00d8d171ff00a49695cd88f80f432ffe39f68d14b457967d30993c714739a5a280139a067bd2d14005252d1400941a45a750014514500145145001451450014514500145145001451450014514500145145001451450021af81bfe0ad7ff002257c3cffb085d7fe8b4afbe4d7c0dff00056bff00912be1e7fd842ebff45a56f43f888e2c67f0247e68d14515ec9f281451452607bbfecd7e1286fad7c47adcfa29d4cdad94b14322ea496db59d7cb2b83ea1fad751e309a3f017c78f0069fa4e987499ad16cec99a4bb4bb0558a6e5031f2904b827a9cd7cf1a3f8a6f745d36facadbcb10de188cdbd725846db957e99c67d702a59bc69a9dc78d8f8a5de33ab1bdfb79629f2799bf7fddf4cf6ac796ecea55128a491eafe1bf136afe17f1a78dfc44352bd8b4fd067b9920b759d9626ba92465846d071c312f8ff0066a0f847e2ab9fb16a5e1dbad675ad275ff10edb5d3ae4966b6449490df2923ef921770cf04d799ea7e3ad4f55d26f34d98c296f797eda8ce624dad24a46064ff7464e076dc6b734af8cbad693a5d85b2db69b7173a6c662b0d46e2d43dcda2e49011f38e0924641c678a4d04668f46f0d7c1bf09e8de16d06ebc597962d7dacb4ecfe7eaeb66d67124cd0864420f98db918f3c7415a5f027c0379e13f131f12691672f8831ac0d2b4bbbb788bc61778f36e7fef83807d5f3dabc8741f8bbac687a7c166f6da7eaab6d234b6926a56c267b6763b98a1c8c64f38391939ac7d27c71ad68fad45aa5b5fca9731dc7da8287210beedd92a0e3ad1abd06a708b4ec7a3f857c44ff0cbe276b973e20fedcd36dd6e6e3c98ed372a8b9ddf2348a480c14306dbdf8ae07e26e877de1df1c6a96ba8de1d46e9dd6e4de1ce66595448ae73d095707f1abfa4fc5ad5ac23be8eeed74fd6e0baba6bd30ea901956398f575f98107f1c702b99f106bd7be28d62eb54d466f3ef2e5b7c8d8c0e98000ec000001e82a92d6ecce5256b233a8a28a6661451450014d68c3f514ea28019b1c749587e47f9d2ed93fe7ab7e43fc29d452e55d8d3da4fb8cdb27fcf56fc87f851b64ff009eadf90ff0a7d14722bec3f6b3ee336c9ff3d5bf21fe146d93fe7ab7e43fc29f452e55d85ed67dc66d93fe7b37e43fc28db27fcf66fc87f853e8a7c91ec1ed27dc66d93fe7b37e43fc28db27fcf66fc87f853e8a5cabb07b59f719b64ff9ecdf90ff000a36c9ff003d9bf21fe14fa28e55d83da4fb91f965bef3b30fae29eaa14600c0a5a29a56d887272dd8514514c414514500145145001451450014514500145145001451450015faadff0004a7ff00937bf10ffd8d171ffa49695f9535faadff0004a7ff00937af10ffd8d171ffa496958d7fe19e8603f8e7da545252d7947d28514945002d14514009452d1400d5ef4a69169680168a28a0028a28a0028a28a0028a28a0028a28a0028a28a0028a4a3d280168a29280168a28a00435f037fc15aff00e44af879ff00610baffd1695f7cd7c0dff00056bff00912be1e7fd842ebff45a56f43f888e2c67f025fd753f3468a28af64f940a28a293d8028a28acf52c28a28a3500a28a28d4028a28a3500a28a28d4028a28a3500a28a28d4028a28a77601451452d4028a28a3500a28a28d4028a28a601451452d4028a28a3500a28a28d4028a28a3500a28a28d4028a28a3500a28a28d4028a28a3500a28a28d402bf55bfe094fff0026f5e21ffb1a2e3ff492d2bf2a6bf55bfe094fff0026f5e21ffb1a2e3ff492d2b1affc33d0c07f1cfb4a8a4a5af28fa5129690f4a33400669693d28dd4002d2d22f4a5a004ee6969077a3bd002d14514005145140051451400514514005145140051451400d6eb4734bfc546281852d145020a28a28012be06ff0082b57fc893f0f3fec2175ffa2d2bef935e11fb55fecbb07ed3da3787ec27d764d08693712ce1e3b712f99bd42e39618c62b5a72519a9339b13075294a11dd9f89f457e9037fc12574f6ff9a8373ff82e5ffe2e93fe1d23a77fd142b9ff00c172ff00f175e97d629f73e7fea35fb1f9bf457e907fc3a4b4effa28575ff82f5ffe2e8ff874969fff00450ae7ff0005ebff00c5d1f58a7dc7f51afd8fce0a2bf47ffe1d23a7ff00d143b9ff00c17aff00f1747fc3a474ff00fa28773ff82f5ffe2e97b7a7dc7f51afd8fce0a2bf47ff00e1d23a7ffd143b9ffc17afff001747fc3a474fff00a28773ff0082f5ff00e2e8f6f4fb87d46bf63f3828afd1ff00f8748e9fff00450ee7ff0005ebff00c5d1ff000e91d3ff00e8a1dcff00e0bd7ff8ba3dbd3ee1f51afd8fce0a2bf47ffe1d23a7ff00d143b9ff00c17aff00f1747fc3a474ff00fa28773ff82f5ffe2e8f6f4fb87d46bf63f3828afd1fff008748e9ff00f450ee7ff05ebffc5d1ff0e91d3ffe8a1dcffe0bd7ff008ba3dbd3ee1f51afd8fce0a2bf47ff00e1d23a7ffd143b9ffc17afff001747fc3a474fff00a28773ff0082f5ff00e2e8f6f4fb87d46bf63f3828afd1ff00f8748e9fff00450ee7ff0005ebff00c5d1ff000e91d3ff00e8a1dcff00e0bd7ff8ba3dbd3ee1f51afd8fce0a2bf47ffe1d23a7ff00d143b9ff00c17aff00f1747fc3a474ff00fa28773ff82f5ffe2e8f6f4fb87d46bf63f3828afd1fff008748e9ff00f450ee7ff05ebffc5d1ff0e91d3ffe8a1dcffe0bd7ff008ba3dbd3ee1f51afd8fce0a2bf47ff00e1d23a7ffd143b9ffc17afff001747fc3a474fff00a28773ff0082f5ff00e2e8f6f4fb87d46bf63f3828afd1ff00f8748e9fff00450ee7ff0005ebff00c5d1ff000e91d3ff00e8a1dcff00e0bd7ff8ba3dbd3ee1f51afd8fce0a2bf47ffe1d23a7ff00d143b9ff00c17aff00f1747fc3a474ff00fa28773ff82f5ffe2e8f6f4fb87d46bf63f3828afd1fff008748e9ff00f450ee7ff05ebffc5d1ff0e91d3ffe8a1dcffe0bd7ff008ba3dbd3ee1f51afd8fce0a2bf47ff00e1d23a7ffd143b9ffc17afff001747fc3a474fff00a28773ff0082f5ff00e2e8f6f4fb87d46bf63f3828afd1ff00f8748e9fff00450ee7ff0005ebff00c5d1ff000e91d3ff00e8a1dcff00e0bd7ff8ba3dbd3ee1f51afd8fce0a2bf47ffe1d23a7ff00d143b9ff00c17aff00f1747fc3a474ff00fa28773ff82f5ffe2e8f6f4fb87d46bf63f3828afd1fff008748e9ff00f450ee7ff05ebffc5d1ff0e91d3ffe8a1dcffe0bd7ff008ba3dbd3ee1f51afd8fce0a2bf47ff00e1d23a7ffd143b9ffc17afff001747fc3a474fff00a28773ff0082f5ff00e2e8f6f4fb87d46bf63f3828afd1ff00f8748e9fff00450ee7ff0005ebff00c5d1ff000e91d3ff00e8a1dcff00e0bd7ff8ba3dbd3ee1f51afd8fce0a2bf47ffe1d23a7ff00d143b9ff00c17aff00f1747fc3a474ff00fa28773ff82f5ffe2e8f6f4fb87d46bf63f3828afd1fff008748e9ff00f450ee7ff05ebffc5d1ff0e91d3ffe8a1dcffe0bd7ff008ba3dbd3ee1f51afd8fce0afd56ff8253ffc9bdf887fec68b8ff00d24b4ae297fe0929a7ae7fe2e15cff00e0bd7ff8bafa8ff65bfd9de1fd9a3c03a878620d61f5c4bbd4e4d48dc490888a978a28f66013d3cace7deb1ad56128591d984c2d4a5579e6b43d8cf6a5a4a5af3cf6c46e9452d25002d34d3a928005e94b451400d5a5ef4b4500145145001451450014514500145145001451450014514500277a2968a0028a28a0028a28a0028a28a0028a28a0028a28a0028a28a0028a28a0028a28a0028a28a0028a28a0028a28a0028a28a0028a28a0028a28a0028a28a0028a28a0028a28a0028a28a0028a28a0028a28a0028a28a0028a28a0028a28a0028a28a0028a28a0028a28a00292968a004a5a6eda5db400b499a5a28013752d252d001451450014522f4a5a0028a28a0028a28a0028a28a0028a28a0028a28a0028a28a0028a28a0028a29280168a4a5a0046e94b48696800a293bd2d001451450014537751b87ad003a8a28a0028a42c17ad19a005a293701d4d0181e8680168a4a33400b45252d00145145001451450014514500145145001451450014514500145145001451450014514500145252d0014514500145145001451450014514500145145001451450020a5a414b400514514005145140051451400514525002d145140051451400514514005145140051451401f9d73ff00c16bbe19dbdc4b11f01f8b098d8a920daf638ff9e95d1fc2eff82bb7c3df8abf117c39e0fb0f05f89acef35bbe8ec62b8b836fe5c6ced80cd8909c7d05753fb4f7c09fd9c7f678f82fe27f1e6a1f097c2d34d630e2d2de4b419b9ba90ed8a3ebce58827d831ed5f30ffc1237f65fd3fc69ad6b1f1b7c47610ba595e3db68368b1858629fef493aaf4f9030451d065bb818607eb28a5a6ae7d314ea40786fed85fb505a7ec99f08dbc6971a37fc2417125ec5636da6fdafecde73be49fde6c7c61558fdd3d2bc27f63eff00829f5afed4df1713c0b79e011e109e7b396e6dae86b3f6c12bc78263d9e4478f9771ce4f4e95f3affc1643e225df8e3e2f7c3ff84fa4133c96510bb92dd4ff00acbbba711c4a7dc22f1ff5d4d7977c7ed1ed7f61bfdbdbc0dac690047a1e9f6fa55eb7d9f9f36dc462dae871dd84737e241a607ee11ce0e3935f047827fe0a98daefed3969f07fc43f0d57c3924dae49a136adfdbbe76c97732467ca36cb9dee1063771bf3ce307ef3b5b98af2d61b88245960950491c8a721948c820fa62bf123fe0a7be03b9f81ff00b6a5878e34d536f06b9f64f105b4aa3012ea170b281efba257ff00b682901fa99fb5f7ed356dfb287c1d97c6f368cbe21b937b058db6986f3ecbe73c84927ccd8f8da8acdf74e718e339ac8fd8aff6abbffdaebe1eeade2d9fc17ff08758da6a074fb75fed3fb6fda595159d81f2a3da06f51d0e79f4af897fe0b0df1861f167807e0ee8da7cdba2d6606f10b46873f2346a91feaeff0091ad4f8c9f1db59fd823f627f84df0e3c1be5e9fe38f1169ad7b77a932067b3590f9b33a03c190bc9b149076aa9e32010c0fd4bfe2a5afc2af1369dfb497c15f86fa2fc6a9be2dcb39bc78277d3e3f111baba8166e50cd6ecc570780ca01c6ec1ef8fa3bf6bafdaebc4df11ffe09f3f0b7e25786b56bcf09f88352f11c761aa1d2ee1a13e6c56f76b2a82a41d8cf1ab853d015f4a067ea3d0d5f881f0f758fdadbf6ccf879a3e99e0bd47571e1ef0c446cee7545d5bec66fae1a467dd24acead2385655c02400a3a6eaeafe367c48f897fb19fedade1cd3f53f1df88b52f03adc58df8b7bebf9668a5b47c24ea549f982b093f214ec23f647aa839e71da9579ed8afcb6ff82b17ed19e32d07e2a7c3ff0001fc3df11ea5a55cfd89aeee468f72d1bdcc97322a409f29c9c08c91ff005d2bf473e0ff0085753f03fc2ef0b683ad6a53eafacd8e9f0c57d7d732991e7b8da0c8c58f27e62d8f6c5203e3af8f5ff05463f043f68abef85fff000ad46b22daeedad7fb53fb74c1bbcd0877795f676e9bfa6ee71d466bef4afc1efdbd3fe5221aef4ff90ae9bdff00d886bf78327dbf3a00fce2fdb9b5efdae2c3f690d2adfe1459f881fc12d0dbfd81f43b4f36d9a4c0f37ed6d8217e7cfdf2176e3debf43742fb6b68b60da988d7536b78cdd08bee09768df8f6ce6bf217fe0a75f1d3e227807f6ba3a3786fc69ad687a57f6658c9f62b1be78a2dcdbb71da0e326bd23fe0a6dfb5ef8fbe1ac7e00f879e0dd66e3409b56d0e1d5352d52d9b6cf37984c691ac9d546519988c13b853be8163f50f02be48ff0082917ed35e33fd967e12f86fc45e086b05d46ff5c5d3e6fed0b6f3d3ca36f34870370c1dc8bcfd6bf343f68cf0efc7ff00d9157c2cfaafc5ed5b501e28b3fb727f67eb170de511b772b6f3d46e1c8e0d7a47ed71e0bf88fe0bfd807c06bf1375d6f10eb7a978d1752b5bc6bd7ba3f64974e90c6a59c02083bbe5ed9a407e877ec03f1ebc53fb487ecf56be32f181b33acc9a8dcda936307931ec8ca85f97279e4f7afa42bf023e18f857f68df137ecaba9ebfe0fd72e741f85be1392e2e248ecf503652dc4990f33aedc3485723a9038c0ef5f4a7ec2ff00193e317ed1dfb38fc5df86da4f8aaea5f1be97159dc685acdede324b1472bb092369b05b03cbe3393f391480faf7c1ff00f0506f0678d3f69ebff82563a06b2badda5fdd69cdaa398becad2401b79187dd8ca1038afa9bf9d7f379f047c1bf127e257ed09168be0ed71acbe225ddddd30d564bd6858cc039998cc01396c3738e735fbe1fb30f837c69e01f823e19d0be216a4356f17da44eb7d7a2e5ae3cd6323107cc600b7ca40e9401f177c64ff82c449f097e2af8afc183e12aeaa343d425b0fb6ffc24661f3b636376cfb2b6dcfa64fd6b8dff0087e5cbff0044593ff0a93ffc875f657ed97f0b7c1a3f668f8bdacffc223a0ff6c0f0e6a170351fecc87ed025f21c893ccdbbb7679ce735f9efff000468f06681e32f891f1162d7f42d375c8a1d26dde28f52b38ee1518cc412a1c100e3b8a00fd3bfd967e3c1fda53e08e81f108e89ff0008eff6ab4ebfd9df6bfb5795e54cf17facd899ceccfdd18ce2bd66bf1e3f6c2fdac3c77e36f8f907c03f82530f0568367a9a68915be86ab66d7d7af200ec5900d91876c6171d198939c0e375af8a1fb45ffc138fe35685a778bbc5d71e28d2ef614be96c6e6fa4bdb4bdb72e56455327cc922ed3823183b4f2091401fb73457e51ff00c1537f688f1469aff0835ef0078bb56f0fe95e20d0e4d44269f76d08955da3642c148c901abd03f6a8f8a5e30f0fff00c130fe13f8ab4df136a563e24bc83456b9d560ba64b898bdabb3ee7072771009f5a00fd1da2bf32bf63bfdad75af86ff00b06f8ffe26f8cf56bef15ea9a5eb0d6d64352b9795e495d2258a32c4e42ee6c9c76cd7cf1f08f4dfdaabf6fed5bc45e24d27e215de9b61a6cc159cea3258da24ac372c10c717a0c67238c8c924d007e92ffc141bf680f157ecd7fb3fb78c7c1cd64358fed5b6b3ff004f83ce8fcb70fbbe5c8e7e51dea97fc13b7f68af177ed35f03afbc55e33362daac3ac4d64a6c2dfc98fcb548d87cb93ce5cf39af9a7f6e1f879e34f861ff0004dad0f44f881e29b9f1678ad35db396f2eae24f30445848442af8cbaa0c0dc79273dabe3ff823e17fda2fc67fb33f89af7c01acdce83f0cfc28f73a85e9b5bffb14975288c4936d2bf3cac88abc12000401924d007efd515f98dff0481fda77c65f11358f16fc3cf16eb577e2082c6c5354d36e6fa5696684090472c65db24a9df19009e083eb5f687ed7ff00b4245fb327c09d77c6ff00654bfd461db6ba75a4a48496e64384dd8e768e58e3a85c77a00f69a4afc33f873a3fed51fb627877c5ff0014347f1fea62df4095c98535596d16595504ad141147f2fca8578381f301eb5eeffb157ed7df143f695f85bf10fe0edd6bed27c485d0e6b8f0cf88a697c89f230a5259147254b290f8ce09ce719a601fb557fc14d3e28c9f1eef7e18fc11d3a146b0be3a52dc7d845ede6a3761b6b88d1815540d950369271bb201c0fbabf63ff107c53f157c10d3b54f8c56634ef1a4f733892d0d98b5923855ca26f41c6e6da5b2300865afc20f01f80be21788bf695b6f09e87ac7d9be2449abcd6b1ea8d78d1e2ed4bf98fe7019e4ab7cd8ef5fd0c7c1bd075ef0b7c26f07e8fe29bbfb7f892c749b5b6d4aebce32f9b7091aac8dbc805b2c0f2473480f87ff00686ff82b83fc06f8d3e2bf000f856bad8d0ae85b7f687fc24260f3f28afbbcbfb2b6dfbd8c6e3d2b95f057fc16a24f1878cb41d07fe14fada7f6a5fc163f68ff008494bf95e6c8a9bb6fd90671bb38c8ce3ad7c79fb65f88ad7c25ff000508f1beb77d609aa59e9fe21b7ba9aca400ace891c2c50e41182063907ad7d9ff00b39fedebf0a3e377c69f0b782ec7e0168ba0ddea973b22d47c8b463032a970c02c20e72bd8f14c0fd2f0772fbd2e6be33fdbd3e1c7ed0de3cd5bc356df097c691f86fc2334322eb05af22b016cea41123cdfeb19194e36af42bef5f9b1e22f8cdf19ff00635f8bd602dbe305af8eca84bb9a3d3fc40755b1997710d04ca58ec3c1e382010476a00fdf4a2bf313fe0a99fb42789ecbe16fc0af14f817c47aa7862dfc4d6d75a838d3eeda16923786d644572a4676f987f335e49f0ff4bfdad3f6d66f07789ac752d6347f87f632da69bf6ab6d60592c91c5b127b80bb83ccc7e6666208272a33b71401f74fed25ff00050ef05fecd1f1734cf87dac787b5ad6753bdb482efed1a7184451096474556dee0e46cddc0e8c2bb4fdb7be33788be017eccbe2cf1df853ec835dd35acc5bfdb62f362c4b770c4d95c8cfcaed8e7ad7e1bfed21e13f88de17fda0b51f0e7c43d69b59f1c5b4d6f0b5f35eb5c01bd55e1024201c00ebdb8e6beeaf8b7f07fe32fc21ff00827a7c6db5f8c5e231e23bebebfd1e5d3e41a93de79718bd8038cb28db924702803e84ff0082697ed65e3bfdaabc37e37bef1c369c67d1eeada1b6feceb5f2176ba396cfcc7272a2bed2afe7f7f648f057ed01f12bc07e36d13e0feaafa1e836ac97fac5d4579f63699d6360910947cc4ed0c428c0ee4f4afa5bfe092bfb4df8eb5af8d1aafc36f15f88351f106977ba74d776bfda570d7125b5c42cb901d89203296c8cf551480fd05fdae3f68aff00865af82f7de3e1a07fc24c6d6eadedbfb3fed9f65dde6b85dde6796f8c75c6daf841bfe0b94ebff345d7ff000a93ff00c875fa8baf786f49f1569ed61ad69767abd8b30636b7f6e93c45874255811915f8d5ff00058cf08e85e0df8d3e0bb7d0344d3b44b793432ef0e9d691dba3b79ee37108002703ad007d17f027fe0af4ff001abe30784fc0c7e148d1c6bd7c967f6fff00848bcff23767e6d9f655ddd3a6e1f5afd1caf8bf5cf13781bf661fd873c21f14a2f03f87ae3c4567e19d24d8ce74d856592f65b689519a40a1bef12c4820900f35f027c39d23f6a7fdb23c3be31f89ba4fc41d4c5be8323b18175392d04b22c7e618a08a3c2f0b8ea00e40f5a607ee5d15f9b7ff0004b7fdb9bc4ff17b56d43e17fc40bd6d6758b7b56bdd2b5998fefa68d301e094ff0011008656ea46e07b57c79f007f680fda57e207c55d57c0de00f1aea1a8eb7aec73da249aade975b3895f7bcb1b48488d805c6e009c138e68b01fbcc3a52d7e11f80fe3b7c6efd92ff6bad3fc3de35f166a9aacb6bab5b5a6b7a6dc6a525e5b5cc1294dc5379c67649b94803040afa83fe0a69fb6df8c7c31f126cbe0bfc32d4a5d1b52db01d5b52b760931966c18add1cfdc1b59199bfdb032307201fa79495f87de26f16fed09fb06f8b3c29e24d4fe26c3e2db2d564df73a7c3adb6a50384da6482557276e413865c73d0f15ef1ff053cfdb33c6ba1683f0d74af00eab77e19d23c53a2aebb71a859b149a64930121120e4000e4edc1391480fd4aa2bf25bf646f83bfb4849f103c17e24f0c7c6db1f147832fe449f5ab8b5d7ffb4d2d61c6e7865b79493bcfdc000cab1e718afd675c8e2801d4868a5a004a1a8a314000e94b45140051451400514514005145140051451401f99bff0005bbd76f2dfe1f7c34d1e394ad85d6a775753463f8e48e255427e8257fcebe9cff008270e8f6ba37ec5bf0c52d63d82e2ca5ba93d5a47b89198fe67f2028a2981d9fc48f8c1acf83be2f783fc2d656b63269fac122e259d1ccabcff010e00fc41af626fba68a2901fcee7edebe26d435dfdb0fe275ddd4ede7da6b0d6b032120c71c402a01cf180a3f1af05bfd56f7549965bdbb9ef2551b55e7919c81e8093451401fd197ec57e22bef157ecabf0c352d465f3af24d0e04793d760280fd70a2be45ff0082da787ecae3e15fc3fd69e3ff008985aead35b4727fd3378b7329fc517f2a28a00f84b52d6aefe2d7c62fd9df46f1149f69b0874bd0f47544e0fd9cdcb641ce793bcf3f4afa53fe0b63a6c36ff12be19cb12ecce8f3c4117ee855941000edd68a2a901d8fc32ff8252fc25f1a7c36f0b7882f7c43e348af754d2edaf664b7bdb458d5e4895d82836a4819271924fbd67ffc144be02f87bf672fd83fc09e0df0cdcea379a65bf8dfed026d52549276692d6f0b64a222e3818c28a28a4c0f7fff008240ff00c9a1c3ff0061bbcffd92bccffe0b61e09d2aebe1bfc3ef16342cbad5aead2698b329003412c2f215618e70d0a91e9b9bd68a2a80f96bf671bd9be337edddf0764f1539d41ad74cd29909fe236f60ad116ce73f32827d4d7ee7ed1e9451498cfc1cfdbd7fe521faeffd8574dffd021afde4a28a911f873ff0569ff93d63ff0060ad3fff0066af7cff0082bd783f4893e0afc24f131b24fedd529602f413bfece6df7f967b11b867db27d4d145303e2bfd99fc2c7f696f8f9e09f0c78fb5ad6359d296e23b44492f0b3240bcf96a5c36d538c103b57e83ff00c167ac60d33f66bf01dadac6b0dbc1e268a18e35e8a8b6770001f400514500737fb2affca23fe221efe46aff00c96b8aff00821eff00c8f1f15bfec1d61ffa325a28a407867ec012187fe0a15a185030752d487fe39357ef135145303c6bf6caff00934df8bfff0062b6a3ff00a4ef5f9d1ff04433ff00173be25ffd81edff00f471a28a06789f8654683ff054ab14b7f9827c44083cce786bac1ffd08d7b17fc16d2e9e4f8c5f0eed88511c5a0caea7be5a7607ff00411451408f3fff0082885aa59fc21fd976042c523f04c4a0b727ee435ef5fb60cc4ffc124fe0c703e687425fcad24ff0a28a00f9ff00c2766973ff00049df1c48e581b7f1bdaca814e0124469cfa8c31fc715f59ff00c113afe49fe09f8eed58288e0d794a90393ba04ce7f2a28a00ee7fe0b0dff26847fec60b2fe52d7927ec00a1bfe0997f19c1191e56bbff00a6f5a28a0678ff00fc1157fe4e23c5e7fea5993ff4a60afae7fe0b0b6a93fec93e63160d0eb968cb8e8721c73f9d145211c1ff00c122f569a1fd8dfe2380a845a6b77d2c7907926c6dcf3cf4c8af96ff00e09030add7ed84f70e4878f42bd7017a64b460ff00334514c0e7ff00676ff949f697ff006395ff00f39ebf78bb51450c67e0f7ed1da7daeadff0540d66caf6de3bab4b8f17d8c5341328649148801520f50457ed0f87fe017c36f09eb16fab68de04f0fe97a9db1dd0ddda69d1472c670465580c8e09a28a00fca0ff0082bb7c4ef146abfb485af8164d66ea2f0ad969d69247a6c121489a4977177703866e0004f402bc7ff6f8fd9b7c23fb34f8afc0ba3f849b50961d53c3c9a8dd4da95c0964798c8e09f9554018503005145023d93fe0a3436fec97fb2463fe85f7ebff005e9635fa17ff0004e951ff000c63f0c78ff97063ff00915e8a2901f955ff00051ae3fe0a05e2923a8bbd2cff00e4b5bd7e98ff00c1523fe4c5fe20ff00bda67fe9c2da8a2803e69ff823373f097e33ff00d7583ff444d5e05ff04a3ff93e28ff00ec1fa97fe83451401fb915f8ddff0005b0ff0092e5e08ffb009ffd1ef4514c0f77fdb9eca3baff008258f802472c1adf4ff0e4a9b4e06efb32273ea30e7f4a83fe0913aa4b07ec8bf12195509b3d56ea48f20f27ec91b73cfa8a28a407c97ff0491b349ff6c4d3a462c1adf49be74c1e3263dbcfe04d3bfe097bff0027d161ff005c351ffd04d1455f541d199ffb7b7cdff0510d7b3cff00c4d34cff00d170533fe0a21e1db6d53fe0a0de27d2e57956df51bed2e2959186f024b7b756da48c67078c834515233ebe8ff00e08fdf06db04f897c73cff00d3fd9fff002257d47f147f633f867f173e0bf877c07e25d3aeaeecbc39a625b695aac7388efed4471aa861205da490a320a9527f87a5145211f8b1e14d5356fd9cff006acb0b6f056b5a8587d835b8ad56569be69a232856494285570412082315fd13c2de6468c7a9504fe5451401252d14500149451400b4514500145145001451450014514500145145007fffd9),
(1, 'John', 'Sean', 5, 'Swimming', 'With my 5 years experience in the field of swimming, I know that this activity helps people with back pain, muscle fatigue to feel well after 1 month of practice. You can discover more about my advices on my Youtube channel. Welcome to Your Wellbeing.', 'john.sean@gmail.com', NULL),
(2, 'Tina', 'Doug', 2, 'Biking', 'I have been biking for a long time as a hobby and I got my professional license 2 years ago. Fitness biking is a complete exercise I recommend to any customer at any age and it is efficient in recoverying the whole body wellbeing in a short time. You will burn calories and lose body fat as well. I like coaching this exercise and I invite you to watch my facebook profile to learn more this fitness.', 'christoph.doug@yahoo.fr', NULL),
(3, 'Alexander', 'Vincent', 7, 'Yogga', 'Yogga is relaxing fitness activity practised since centuries in some part of world. It is known to be suitable to have the body and soul tranquility and for this reason, it is recommended for anybody no matter the age.', 'alexander.vincent@hotmail.com', NULL),
(4, 'Salma', 'Erikson', 5, 'Bodybuilding', 'Bodybuilding helps in dissipating most of the harmful calories and fat from the body. It gives strength and tonicity to muscles and helps is reducing the body fatigue. This activity can be practised in centers as well as at home at the learner\'s convenience. Many videos are available on my profile to guide you.', 'zizou.erikson@gmail.com', NULL);

-- --------------------------------------------------------

--
-- Table structure for table `contacts`
--

CREATE TABLE `contacts` (
  `id` int(10) NOT NULL,
  `username` varchar(255) NOT NULL,
  `useremail` varchar(255) NOT NULL,
  `subject` text NOT NULL,
  `content` text NOT NULL
) ENGINE=InnoDB DEFAULT CHARSET=utf8mb4;

--
-- Dumping data for table `contacts`
--

INSERT INTO `contacts` (`id`, `username`, `useremail`, `subject`, `content`) VALUES
(1, 'nisarg', 'nisarg405@gmail.com', 'test', 'test'),
(2, 'nisarg', 'nisarg405@gmail.com', 'test', 'test'),
(3, 'nisarg', 'nisarg405@gmail.com', 'test', 'test'),
(4, 'nisarg', 'nisarg405@gmail.com', 'test', 'test'),
(5, 'nisarg', 'nisarg405@gmail.com', 'test', 'test'),
(6, 'te', 'nisarg405@gmail.com', 'sffse', 'faetfr'),
(7, 'asd', 'nisarg405@gmail.com', 'fs', 'gfserfg'),
(8, 'da', 'nisarg405@gmail.com', 'gvgr', 'gres'),
(9, 'da', 'nisarg405@gmail.com', 'gvgr', 'gres');

-- --------------------------------------------------------

--
-- Table structure for table `exercises`
--

CREATE TABLE `exercises` (
  `id` int(11) NOT NULL,
  `exercise_name` varchar(50) COLLATE latin1_bin NOT NULL,
  `exercise_description` text COLLATE latin1_bin NOT NULL,
  `calorie_burnt` decimal(6,2) NOT NULL
) ENGINE=InnoDB DEFAULT CHARSET=latin1 COLLATE=latin1_bin;

--
-- Dumping data for table `exercises`
--

INSERT INTO `exercises` (`id`, `exercise_name`, `exercise_description`, `calorie_burnt`) VALUES
(10, 'Leg lift', 'This is an exercise intending to improve the blood circulation in the body.', '215.00'),
(11, 'Aerobics', 'This exercise is designed to warm up customers each time before starting other exercises.', '565.00'),
(12, 'Strength', 'This exercise helps in reducing body fat uplifting weights for a certain amount of time.', '600.00'),
(13, 'Biking', 'Biking allows customers to improve heart wellbeing and loss weight in a short time.', '596.00'),
(14, 'Full body', 'This is a general review concerning all the parts of the body.', '620.00'),
(15, 'Cardio', 'Hello', '500.00'),
(16, 'Fat loss', 'Lose your extra fat in 4 weeks.', '965.00'),
(17, 'Yoga', 'Cure your body soul with tranquility', '120.00'),
(18, 'Off', 'Rest day', '0.00'),
(19, 'Leg lift', 'This is an exercise intending to improve the blood circulation in the body.', '215.00'),
(20, 'Aerobics', 'This exercise is designed to warm up customers each time before starting other exercises.', '565.00'),
(21, 'Strength', 'This exercise helps in reducing body fat uplifting weights for a certain amount of time.', '600.00'),
(22, 'Biking', 'Biking allows customers to improve heart wellbeing and loss weight in a short time.', '596.00'),
(23, 'Full body', 'This is a general review concerning all the parts of the body.', '620.00'),
(24, 'Cardio', 'Hello', '500.00'),
(25, 'Fat loss', 'Lose your extra fat in 4 weeks.', '965.00'),
(26, 'Yoga', 'Cure your body soul with tranquility', '120.00'),
(27, 'Off', 'Rest day', '0.00'),
(28, 'Leg lift', 'This is an exercise intending to improve the blood circulation in the body.', '215.00'),
(29, 'Aerobics', 'This exercise is designed to warm up customers each time before starting other exercises.', '565.00'),
(30, 'Strength', 'This exercise helps in reducing body fat uplifting weights for a certain amount of time.', '600.00'),
(31, 'Biking', 'Biking allows customers to improve heart wellbeing and loss weight in a short time.', '596.00'),
(32, 'Full body', 'This is a general review concerning all the parts of the body.', '620.00'),
(33, 'Cardio', 'Hello', '500.00'),
(34, 'Fat loss', 'Lose your extra fat in 4 weeks.', '965.00'),
(35, 'Yoga', 'Cure your body soul with tranquility', '120.00'),
(36, 'Off', 'Rest day', '0.00');

-- --------------------------------------------------------

--
-- Table structure for table `faq`
--

CREATE TABLE `faq` (
  `id` int(11) NOT NULL,
  `question` text NOT NULL,
  `answer` text NOT NULL
) ENGINE=InnoDB DEFAULT CHARSET=latin1;

--
-- Dumping data for table `faq`
--

INSERT INTO `faq` (`id`, `question`, `answer`) VALUES
(7, 'Who do I contact for press inquiries', 'For press coverage and inquiries, please email: <a href=\"#\">info@wellbeing.com</a>'),
(8, 'How do I find a club near me and sign up for a membership?', 'If you would like to join or find a specific Your Wellbeing, please use the <a href=\"#\">Find a Studio</a> page.'),
(9, 'Who do I contact if I have billing questions?', 'Please contact the studio where you signed up for your membership with any billing questions or to change your billing information.'),
(10, 'Who do I contact with feedback (suggestions, great service, etc.)?', 'If you would like to contact a specific Studio head to their website to see their contact options, otherwise send us a message on our Facebook page to contact our support team. Click the Facebook Logo below to head to our page.'),
(11, 'How much does a membership cost?', ' Each studio is individually owned and pricing changes slightly across locations. Please use the Find a Studio page to contact your nearest studio for pricing.'),
(12, 'Can I be a member of more than one studio? ', 'The membership covers 1 location. You will find that once you start training with a gym and become friends with people who train there and the staff you are not likely to change to another gym. If you would like to train at multiple locations most studios offer a 10 pass which you can pre-purchase. Please use the Find a Studio page to contact your nearest studio for pricing.'),
(13, 'Who do I contact for press inquiries', 'For press coverage and inquiries, please email: <a href=\"#\">info@wellbeing.com</a>'),
(14, 'How do I find a club near me and sign up for a membership?', 'If you would like to join or find a specific Your Wellbeing, please use the <a href=\"#\">Find a Studio</a> page.'),
(15, 'Who do I contact if I have billing questions?', 'Please contact the studio where you signed up for your membership with any billing questions or to change your billing information.'),
(16, 'Who do I contact with feedback (suggestions, great service, etc.)?', 'If you would like to contact a specific Studio head to their website to see their contact options, otherwise send us a message on our Facebook page to contact our support team. Click the Facebook Logo below to head to our page.'),
(17, 'How much does a membership cost?', ' Each studio is individually owned and pricing changes slightly across locations. Please use the Find a Studio page to contact your nearest studio for pricing.'),
(18, 'Can I be a member of more than one studio? ', 'The membership covers 1 location. You will find that once you start training with a gym and become friends with people who train there and the staff you are not likely to change to another gym. If you would like to train at multiple locations most studios offer a 10 pass which you can pre-purchase. Please use the Find a Studio page to contact your nearest studio for pricing.'),
(19, 'Who do I contact for press inquiries', 'For press coverage and inquiries, please email: <a href=\"#\">info@wellbeing.com</a>'),
(20, 'How do I find a club near me and sign up for a membership?', 'If you would like to join or find a specific Your Wellbeing, please use the <a href=\"#\">Find a Studio</a> page.'),
(21, 'Who do I contact if I have billing questions?', 'Please contact the studio where you signed up for your membership with any billing questions or to change your billing information.'),
(22, 'Who do I contact with feedback (suggestions, great service, etc.)?', 'If you would like to contact a specific Studio head to their website to see their contact options, otherwise send us a message on our Facebook page to contact our support team. Click the Facebook Logo below to head to our page.'),
(23, 'How much does a membership cost?', ' Each studio is individually owned and pricing changes slightly across locations. Please use the Find a Studio page to contact your nearest studio for pricing.'),
(24, 'Can I be a member of more than one studio? ', 'The membership covers 1 location. You will find that once you start training with a gym and become friends with people who train there and the staff you are not likely to change to another gym. If you would like to train at multiple locations most studios offer a 10 pass which you can pre-purchase. Please use the Find a Studio page to contact your nearest studio for pricing.');

-- --------------------------------------------------------

--
-- Table structure for table `orders`
--

CREATE TABLE `orders` (
  `id` int(15) NOT NULL,
  `product_code` varchar(255) NOT NULL,
  `product_name` varchar(255) NOT NULL,
  `product_desc` varchar(255) NOT NULL,
  `price` int(10) NOT NULL,
  `units` int(5) NOT NULL,
  `total` int(15) NOT NULL,
  `date` timestamp NOT NULL DEFAULT current_timestamp(),
  `email` varchar(255) NOT NULL
) ENGINE=MyISAM DEFAULT CHARSET=latin1;

--
-- Dumping data for table `orders`
--

INSERT INTO `orders` (`id`, `product_code`, `product_name`, `product_desc`, `price`, `units`, `total`, `date`, `email`) VALUES
(1, 'product101', 'Optimum Nutrition Gold Standard Whey Protein', 'With a clean vamp, tonal stitch details throughout, and a unique formstripe finish, the all new sports shoes fits the needs of multiple running consumers by offering an athletic and a lifestyle look.', 60, 1, 60, '2021-04-23 20:42:00', 'james@mail.com'),
(2, 'product103', 'Renpho 300lb Body Weight Scale with BMI Technology', 'The Sports Band collection features highly polished stainless steel and space black stainless steel cases. The display is protected by sapphire crystal. And there is a choice of three different leather bands.', 55, 1, 55, '2021-04-23 20:42:00', 'james@mail.com'),
(3, 'product103', 'Renpho 300lb Body Weight Scale with BMI Technology', 'The Sports Band collection features highly polished stainless steel and space black stainless steel cases. The display is protected by sapphire crystal. And there is a choice of three different leather bands.', 55, 1, 55, '2021-04-24 02:05:47', ''),
(4, 'product102', 'MuscleTech Nitro-Tech Whey Protein', 'A sleek, tonal stitched cap for runners. The plain texture and unique design will help runners to concentrate more on running and less on their hair. The combbination of casual and formal look is just brilliant.', 50, 5, 250, '2021-04-24 02:05:47', ''),
(5, 'product101', 'Optimum Nutrition Gold Standard Whey Protein', 'With a clean vamp, tonal stitch details throughout, and a unique formstripe finish, the all new sports shoes fits the needs of multiple running consumers by offering an athletic and a lifestyle look.', 60, 1, 60, '2021-04-24 02:05:47', ''),
(6, 'product102', 'MuscleTech Nitro-Tech Whey Protein', 'A sleek, tonal stitched cap for runners. The plain texture and unique design will help runners to concentrate more on running and less on their hair. The combbination of casual and formal look is just brilliant.', 50, 1, 50, '2021-04-24 02:17:20', 'james@mail.com'),
(7, 'product102', 'MuscleTech Nitro-Tech Whey Protein', 'A sleek, tonal stitched cap for runners. The plain texture and unique design will help runners to concentrate more on running and less on their hair. The combbination of casual and formal look is just brilliant.', 50, 2, 100, '2021-04-24 02:25:05', 'james@mail.com'),
(8, 'product103', 'Renpho 300lb Body Weight Scale with BMI Technology', 'The Sports Band collection features highly polished stainless steel and space black stainless steel cases. The display is protected by sapphire crystal. And there is a choice of three different leather bands.', 55, 2, 110, '2021-04-24 02:25:05', 'james@mail.com'),
(9, 'product103', 'Renpho 300lb Body Weight Scale with BMI Technology', 'RENPHO body fat scale utilizes Bio-electrical Impedance Analysis(BIA) to calculate 13 key body composition metrics.\r\nIt can give you an overview of your body and track your daily, weekly, and monthly progress.', 55, 1, 55, '2021-04-25 18:18:23', 'nisarg405@gmail.com'),
(10, 'product106', 'Blackview Smart Watch R3 pro max ', '?24/7 Heart Rate Monitor & Sleep Tracker? Blackview R3 Pro Smart watch can automatically monitor your real-time heart rate,and better understand your heart rate trends.You also can get a better understanding of your sleep quality with comprehensive sleep ', 205, 5, 1025, '2021-04-25 18:18:23', 'nisarg405@gmail.com'),
(11, 'product102', 'MuscleTech Nitro-Tech Whey Protein', 'NITRO-TECH is a scientifically engineered whey protein formula, and is enhanced with the most studied form of creatine for even better gains in muscle and strength. It also features whey protein, which is the most popular type of protein. Whey protein is ', 50, 3, 150, '2021-04-25 18:18:23', 'nisarg405@gmail.com'),
(12, 'product103', 'Renpho 300lb Body Weight Scale with BMI Technology', 'RENPHO body fat scale utilizes Bio-electrical Impedance Analysis(BIA) to calculate 13 key body composition metrics.\r\nIt can give you an overview of your body and track your daily, weekly, and monthly progress.', 55, 3, 165, '2021-04-25 19:06:17', 'nisarg405@gmail.com');

-- --------------------------------------------------------

--
-- Table structure for table `products`
--

CREATE TABLE `products` (
  `id` int(11) NOT NULL,
  `product_code` varchar(60) NOT NULL,
  `product_name` varchar(60) NOT NULL,
  `product_desc` text NOT NULL,
  `product_img_name` varchar(60) NOT NULL,
  `qty` int(5) NOT NULL,
  `price` decimal(10,2) NOT NULL
) ENGINE=InnoDB DEFAULT CHARSET=latin1;

--
-- Dumping data for table `products`
--

INSERT INTO `products` (`id`, `product_code`, `product_name`, `product_desc`, `product_img_name`, `qty`, `price`) VALUES
(1, 'product101', 'Optimum Nutrition Gold Standard Whey Protein', 'Optimum Nutrition\'s Gold Standard 100% Whey uses pure Whey Protein Isolates as the primary ingredient. Combined with ultra-filtered whey protein concentrate, each serving provides 24 grams of all-whey protein and 5.5 grams of naturally occurring Branched Chain Amino Acids (BCAAs) which are prized by athletes for their muscle building qualities. With more than 20 tempting flavors to choose from, ONs Gold Standard 100% Whey gives you plenty of ways to keep workout recovery interesting.', 'on.jpg', 20, '60.00'),
(2, 'product102', 'MuscleTech Nitro-Tech Whey Protein', 'NITRO-TECH is a scientifically engineered whey protein formula, and is enhanced with the most studied form of creatine for even better gains in muscle and strength. It also features whey protein, which is the most popular type of protein. Whey protein is made up of branched chain amino acids (BCAAs) and essential amino acids (EAAs), and has the highest biological value (the measure of how well your body absorbs and assimilates protein). The whey protein in NITRO-TECH is sourced primarily from whey peptides and whey isolate  two of the cleanest and purest protein sources available.', 'nitro.jpg', 0, '50.00'),
(3, 'product103', 'Renpho 300lb Body Weight Scale with BMI Technology', 'RENPHO body fat scale utilizes Bio-electrical Impedance Analysis(BIA) to calculate 13 key body composition metrics.\r\nIt can give you an overview of your body and track your daily, weekly, and monthly progress.', 'scale.jpg', 23, '55.00'),
(4, 'product104', 'Fitbit Sense Advanced Smartwatch', 'Meet Fitbit Sensethe advanced health smartwatch that helps you tune in to your body and guides you toward better health. Assess your heart for AFib right from your wrist, detect and manage stress, better understand your sleep quality and even keep an eye on patterns in your skin temperature or well-being with SpO2. Plus, Sense unlocks a 6-month free trial of personalized guidance and advanced insights for new Fitbit Premium users.', 'fitbit.jpg', 20, '385.00'),
(5, 'product105', 'Etekcity Bathroom Body Weight Scale', 'Sleek and Sturdy design that will go well with any bathroom tile Built with a sturdy form to deliver a long service lifetime while still maintaining a slim and modern look to accent your home or personal gym. The sleek tempered glass platform ensures safety through support while displaying a subtle sophistication in modern design. Big Convenience, Smart Measurement With the \'Step-On\' technology, just step on the scale and get readings in a few seconds.', 'scale2.jpg', 10, '30.00'),
(6, 'product106', 'Blackview Smart Watch R3 pro max ', '?24/7 Heart Rate Monitor & Sleep Tracker? Blackview R3 Pro Smart watch can automatically monitor your real-time heart rate,and better understand your heart rate trends.You also can get a better understanding of your sleep quality with comprehensive sleep quality tracking,(deep sleep,light sleep and wake up time) helping you adjust yourself for a healthier lifestyle.', 'blue.jpg', 25, '205.00');

-- --------------------------------------------------------

--
-- Table structure for table `testimonials`
--

CREATE TABLE `testimonials` (
  `id` int(11) NOT NULL,
  `title` varchar(50) COLLATE latin1_bin NOT NULL,
  `message` text COLLATE latin1_bin NOT NULL,
  `user_id` int(11) NOT NULL
) ENGINE=InnoDB DEFAULT CHARSET=latin1 COLLATE=latin1_bin;

--
-- Dumping data for table `testimonials`
--

INSERT INTO `testimonials` (`id`, `title`, `message`, `user_id`) VALUES
(47, 'Excellent weight loss program', 'Your Wellbeing has excellent programs for anytime of fitness and I particularly appreciated their weight loss program which is very efficient. I strongly recommend Your Wellbeing!', 1),
(48, 'Nice fitness center', 'Your Wellbeing is a brand new fitness center fitted with all new generation machines. In addtiton, their many skillful coaches always available to guide customers. I liked my 6 week stay at this Your Wellbeing.\"', 58),
(49, 'Unforgettable experience', 'I spent 3 weeks at Your Wellbeing center and I enjoyed their staffs and the brand new equipments they have. Awesome crew!\"\"', 61),
(50, 'Wonderful experience', 'My experience with Your Wellbeing was unforgettable and I reached my fitness goals in much less time than expected. I recommend this center to everyone!', 3),
(51, 'hi??', 'What are things!!', 4);

-- --------------------------------------------------------

--
-- Table structure for table `users`
--

CREATE TABLE `users` (
  `id` int(11) NOT NULL,
  `first_name` varchar(50) COLLATE latin1_bin NOT NULL,
  `last_name` varchar(50) COLLATE latin1_bin NOT NULL,
  `email` varchar(255) COLLATE latin1_bin NOT NULL,
  `password` varchar(100) COLLATE latin1_bin NOT NULL,
  `age` int(11) NOT NULL,
  `profile_picture` blob DEFAULT NULL,
  `user_data_id` int(11) NOT NULL,
  `coach_id` int(11) NOT NULL,
  `role` varchar(100) COLLATE latin1_bin DEFAULT NULL
) ENGINE=InnoDB DEFAULT CHARSET=latin1 COLLATE=latin1_bin;

--
-- Dumping data for table `users`
--

INSERT INTO `users` (`id`, `first_name`, `last_name`, `email`, `password`, `age`, `profile_picture`, `user_data_id`, `coach_id`, `role`) VALUES
(1, 'Salomon', 'Pongo', 'salomon.pongo@yahoo.ca', '09d8fb81003e405687a741850fd9a383', 25, NULL, 1, 1, 'admin'),
(2, 'Serena', 'Indira', 'serena.indira@hotmail.com', 'f66999ee4ff0d6e6f637cdb067e46078', 30, NULL, 2, 1, 'client'),
(3, 'Salmany', 'Khan', 'salmany.khan@yahoo.com', '57762d40bfb2761709b06fe8feb50059', 40, NULL, 2, 2, 'admin'),
(4, 'Ngolo', 'Conte', 'ngolo.conte@gmail.com', '32f758489a1afef62b704a1103b1fa0e', 27, NULL, 3, 3, 'client'),
(58, 'Serena', 'Indira', 'serena.indira@hotmail.com', 'f66999ee4ff0d6e6f637cdb067e46078', 30, NULL, 2, 1, 'client'),
(61, 'Jessica', 'Moore', 'jes@mail.com', 'c20ad4d76fe97759aa27a0c99bff6710', 25, NULL, 0, 0, 'client'),
(62, 'David', 'Chen', 'david@mail.com', '35f4a8d465e6e1edc05f3d8ab658c551', 50, NULL, 0, 0, 'client'),
(63, 'Timur', 'Sultan', 'timur@mail.com', 'd1c38a09acc34845c6be3a127a5aacaf', 25, NULL, 0, 0, 'client'),
(64, 'Ivan', 'Smirnov', 'ivan@gmail.com', '68053af2923e00204c3ca7c6a3150cf7', 40, NULL, 1, 1, 'client'),
(65, 'Derek', 'Dantes', 'derek@mail.com', '6512bd43d9caa6e02c990b0a82652dca', 23, NULL, 0, 0, 'client'),
(66, 'Abraam', 'Safarov', 'abraam@example.com', '6512bd43d9caa6e02c990b0a82652dca', 45, NULL, 0, 0, 'client'),
(67, 'Hanna', 'Montana', 'hanna@mail.com', 'b6d767d2f8ed5d21a44b0e5886680cb9', 99, NULL, 0, 0, 'client'),
(68, 'Anil', 'Kapur', 'anil@mail.com', '182be0c5cdcd5072bb1864cdee4d3d6e', 33, NULL, 0, 0, 'client'),
(69, 'James', 'Komala', 'james@mail.com', 'b53b3a3d6ab90ce0268229151c9bde11', 66, NULL, 0, 0, 'client'),
(70, 'Chikki', 'Nikki', 'Chikki@mail.com', 'nikki@mail.com', 23, NULL, 0, 0, 'client'),
(71, 'Ildar', 'Milan', 'milan@mail.com', 'ac627ab1ccbdb62ec96e702f07f6425b', 35, NULL, 0, 0, 'client'),
(72, 'Salomon', 'Pongo', 'salomon.pongo@yahoo.ca', '09d8fb81003e405687a741850fd9a383', 25, NULL, 1, 1, 'admin'),
(74, 'Salmany', 'Khan', 'salmany.khan@yahoo.com', '57762d40bfb2761709b06fe8feb50059', 40, NULL, 2, 2, 'admin'),
(75, 'Ngolo', 'Conte', 'ngolo.conte@gmail.com', '32f758489a1afef62b704a1103b1fa0e', 27, NULL, 3, 3, 'client'),
(76, 'Jessica', 'Moore', 'jes@mail.com', 'c20ad4d76fe97759aa27a0c99bff6710', 25, NULL, 0, 0, 'client'),
(77, 'David', 'Chen', 'david@mail.com', '35f4a8d465e6e1edc05f3d8ab658c551', 50, NULL, 0, 0, 'client'),
(78, 'Timur', 'Sultan', 'timur@mail.com', 'd1c38a09acc34845c6be3a127a5aacaf', 25, NULL, 0, 0, 'client'),
(79, 'Ivan', 'Smirnov', 'ivan@gmail.com', '68053af2923e00204c3ca7c6a3150cf7', 40, NULL, 1, 1, 'client'),
(80, 'Derek', 'Dantes', 'derek@mail.com', '6512bd43d9caa6e02c990b0a82652dca', 23, NULL, 0, 0, 'client'),
(81, 'Abraam', 'Safarov', 'abraam@example.com', '6512bd43d9caa6e02c990b0a82652dca', 45, NULL, 0, 0, 'client'),
(82, 'Hanna', 'Montana', 'hanna@mail.com', 'b6d767d2f8ed5d21a44b0e5886680cb9', 99, NULL, 0, 0, 'client'),
(83, 'Anil', 'Kapur', 'anil@mail.com', '182be0c5cdcd5072bb1864cdee4d3d6e', 33, NULL, 0, 0, 'client'),
(84, 'James', 'Komala', 'james@mail.com', 'b53b3a3d6ab90ce0268229151c9bde11', 66, NULL, 0, 0, 'client'),
(85, 'Chikki', 'Nikki', 'Chikki@mail.com', 'nikki@mail.com', 23, NULL, 0, 0, 'client'),
(86, 'Ildar', 'Milan', 'milan@mail.com', 'ac627ab1ccbdb62ec96e702f07f6425b', 35, NULL, 0, 0, 'client'),
(87, 'Nisarg', 'Chauhan', 'nisarg405@gmail.com', '202cb962ac59075b964b07152d234b70', 26, NULL, 0, 0, 'client'),
(88, 'Nisarg2', 'Chauhan', 'nisarg405@gmail.com', 'e10adc3949ba59abbe56e057f20f883e', 26, NULL, 0, 0, 'client'),
(89, 'Nisarg', 'Chauhan', 'nisarg409@gmail.com', '202cb962ac59075b964b07152d234b70', 26, NULL, 0, 0, 'client'),
(90, 'Nisarg', 'Chauhan', 'nisarg405@gmail.com', '4523ea7baa4cbf9f237aa051f0a581b3', 26, NULL, 0, 0, 'client');

-- --------------------------------------------------------

--
-- Table structure for table `user_physical_data`
--

CREATE TABLE `user_physical_data` (
  `id` int(11) NOT NULL,
  `height` decimal(6,2) NOT NULL,
  `weight` decimal(6,2) NOT NULL,
  `bmi` decimal(6,2) NOT NULL,
  `body_fat` decimal(6,2) DEFAULT NULL
) ENGINE=InnoDB DEFAULT CHARSET=latin1 COLLATE=latin1_bin;

--
-- Dumping data for table `user_physical_data`
--

INSERT INTO `user_physical_data` (`id`, `height`, `weight`, `bmi`, `body_fat`) VALUES
(10, '180.00', '90.00', '28.00', NULL),
(11, '190.00', '120.00', '33.00', NULL),
(12, '175.00', '90.00', '26.10', NULL),
(13, '180.00', '90.00', '27.80', NULL),
(14, '175.00', '75.00', '24.49', NULL),
(15, '175.00', '75.00', '24.49', NULL),
(16, '175.00', '75.00', '24.49', NULL),
(17, '180.00', '90.00', '28.00', NULL),
(18, '190.00', '120.00', '33.00', NULL),
(19, '175.00', '90.00', '26.10', NULL),
(20, '180.00', '90.00', '27.80', NULL),
(21, '175.00', '75.00', '24.49', NULL),
(22, '175.00', '75.00', '24.49', NULL),
(23, '175.00', '75.00', '24.49', NULL),
(24, '180.00', '90.00', '28.00', NULL),
(25, '190.00', '120.00', '33.00', NULL),
(26, '175.00', '90.00', '26.10', NULL),
(27, '180.00', '90.00', '27.80', NULL),
(28, '175.00', '75.00', '24.49', NULL),
(29, '175.00', '75.00', '24.49', NULL),
(30, '175.00', '75.00', '24.49', NULL),
(31, '180.00', '90.00', '28.00', NULL),
(32, '190.00', '120.00', '33.00', NULL),
(33, '175.00', '90.00', '26.10', NULL),
(34, '180.00', '90.00', '27.80', NULL),
(35, '175.00', '75.00', '24.49', NULL),
(36, '175.00', '75.00', '24.49', NULL),
(37, '175.00', '75.00', '24.49', NULL);

-- --------------------------------------------------------

--
-- Table structure for table `vegan_chart`
--

CREATE TABLE `vegan_chart` (
  `id` int(11) NOT NULL,
  `day1` varchar(255) NOT NULL,
  `day2` varchar(255) NOT NULL,
  `day3` varchar(255) NOT NULL,
  `day4` varchar(255) NOT NULL,
  `day5` varchar(255) NOT NULL,
  `day6` varchar(255) NOT NULL,
  `day7` varchar(255) NOT NULL
) ENGINE=InnoDB DEFAULT CHARSET=utf8mb4;

--
-- Dumping data for table `vegan_chart`
--

INSERT INTO `vegan_chart` (`id`, `day1`, `day2`, `day3`, `day4`, `day5`, `day6`, `day7`) VALUES
(1, 'oats, apple slices, black bean veggie burger, cinnamon, nut butter.', 'avocado, wilted arugula, whole grain pasta, guacamole, chickpea tacos and cauliflower.', 'sweet potato with toasted peanut butter and banana, tomatoes, onions, beans, swiss chard, walnuts. ', 'eggless tofu, broccoli, tomatoes, spinach, lentil salad, chia seeds.', 'coconut yoghurt, walnuts, chia seeds, red cabbage, seaweed crisps.', 'garlic-ginger tofu, stir-fried veggies, quinoa, black-eyed peas, tomatoes, artichoke.', 'whole-grain toasted with avocado, vegan protein shake, carrot with hummus, almonds, fruit salad. '),
(2, 'avocado, wilted arugula, whole grain pasta, guacamole, chickpea tacos and cauliflower.', 'eggless tofu, broccoli, tomatoes, spinach, lentil salad, chia seeds.', 'oats, apple slices, black bean veggie burger, cinnamon, nut butter.', 'sweet potato with toasted peanut butter and banana, tomatoes, onions, beans, swiss chard, walnuts.', 'whole-grain toasted with avocado, vegan protein shake, carrot with hummus, almonds, fruit salad.', 'coconut yoghurt, walnuts, chia seeds, red cabbage, seaweed crisps.', 'garlic-ginger tofu, stir-fried veggies, quinoa, black-eyed peas, tomatoes, artichoke.');

-- --------------------------------------------------------

--
-- Table structure for table `weight_gain_chart`
--

CREATE TABLE `weight_gain_chart` (
  `id` int(11) DEFAULT NULL,
  `day1` varchar(255) NOT NULL,
  `day2` varchar(255) NOT NULL,
  `day3` varchar(255) NOT NULL,
  `day4` varchar(255) NOT NULL,
  `day5` varchar(255) NOT NULL,
  `day6` varchar(255) NOT NULL,
  `day7` varchar(255) NOT NULL
) ENGINE=InnoDB DEFAULT CHARSET=utf8mb4;

--
-- Dumping data for table `weight_gain_chart`
--

INSERT INTO `weight_gain_chart` (`id`, `day1`, `day2`, `day3`, `day4`, `day5`, `day6`, `day7`) VALUES
(NULL, 'toasted wholegrain bread, cooked chicken + pasta, Lamb chops and vegetables, Fruits and Cheese Platter, handful of nuts.', 'chia porrdige, salad wrap, egg, cheese, baked salmon, fruit salad, fruit toast.', 'Spanish omelette, lentil, barley soup, spaghetti bolognese, fruit smoothie, 20g cheese + canned tuna.', 'Wholegrain cereal, chicken and noodle, mixed salad vegetables, fruit pop, 1 cup hot chocolate.', 'poached eggs, fish and chips, mango chicken and corn, yoghurt parfrait, banana slices + ricotta cheese. ', 'Fruit toast with berry smoothie, tuna and quinoa salad, easy fish pie, pavlova and fruit, 1 tub yoghurt.', 'bechamel spinach baked eggs, beef and noodle soup, pork roasted, fruit crepe, 1 tub yoghurt.');

-- --------------------------------------------------------

--
-- Table structure for table `weight_loss_chart`
--

CREATE TABLE `weight_loss_chart` (
  `id` int(11) NOT NULL,
  `day1` varchar(255) NOT NULL,
  `day2` varchar(255) NOT NULL,
  `day3` varchar(255) NOT NULL,
  `day4` varchar(255) NOT NULL,
  `day5` varchar(255) NOT NULL,
  `day6` varchar(255) NOT NULL,
  `day7` varchar(255) NOT NULL
) ENGINE=InnoDB DEFAULT CHARSET=utf8mb4;

--
-- Dumping data for table `weight_loss_chart`
--

INSERT INTO `weight_loss_chart` (`id`, `day1`, `day2`, `day3`, `day4`, `day5`, `day6`, `day7`) VALUES
(1, 'rolled oats, chia seeds, milk, pumpkin seeds, egg and veggie muffins, mango spinach smoothie, cauliflower crust pizza. ', 'kale, frozen cherries, banana smoothie, mixed green salad, roasted chickpeas, sliced apple, red lentil curry, brown rice.', 'spanish omelet, red lentil, homemade trail mix, chicken or tofu meatballs, spaghetti squash.', 'yoghurt with walnuts, kale salad topped with poached eggs, hummus, beef or black bean burger. ', '1-2 hard boiled eggs, green mexican salad, veggie spring rolls, whole-wheat crackers, chili.', 'pumpkin pancakes, leftover chili, nut and dried fruit trail, shrimp or bean fajitas.', 'oats with topped pecans, mango and coconut flakes, tuna or chickpea salad, yoghurt with fruit, grilled salmon or tempeh.'),
(2, 'oats with topped pecans, mango and coconut flakes, tuna or chickpea salad, yoghurt with fruit, grilled salmon or tempeh.', 'yoghurt with walnuts, kale salad topped with poached eggs, hummus, beef or black bean burger.', 'pumpkin pancakes, leftover chili, nut and dried fruit trail, shrimp or bean fajitas.', '1-2 hard boiled eggs, green mexican salad, veggie spring rolls, whole-wheat crackers, chili.', 'kale, frozen cherries, banana smoothie, mixed green salad, roasted chickpeas, sliced apple, red lentil curry, brown rice.', 'spanish omelet, red lentil, homemade trail mix, chicken or tofu meatballs, spaghetti squash.', 'rolled oats, chia seeds, milk, pumpkin seeds, egg and veggie muffins, mango spinach smoothie, cauliflower crust pizza.');

-- --------------------------------------------------------

--
-- Table structure for table `workouts_exercises`
--

CREATE TABLE `workouts_exercises` (
  `id` int(11) NOT NULL,
  `week` int(11) NOT NULL,
  `day` varchar(50) COLLATE latin1_bin NOT NULL,
  `day_number` int(11) NOT NULL,
  `exercise_id` int(11) DEFAULT NULL,
  `user_id` int(11) DEFAULT NULL
) ENGINE=InnoDB DEFAULT CHARSET=latin1 COLLATE=latin1_bin;

--
-- Indexes for dumped tables
--

--
-- Indexes for table `coaches`
--
ALTER TABLE `coaches`
  ADD PRIMARY KEY (`id`);

--
-- Indexes for table `contacts`
--
ALTER TABLE `contacts`
  ADD PRIMARY KEY (`id`);

--
-- Indexes for table `exercises`
--
ALTER TABLE `exercises`
  ADD PRIMARY KEY (`id`);

--
-- Indexes for table `faq`
--
ALTER TABLE `faq`
  ADD PRIMARY KEY (`id`);

--
-- Indexes for table `orders`
--
ALTER TABLE `orders`
  ADD PRIMARY KEY (`id`);

--
-- Indexes for table `products`
--
ALTER TABLE `products`
  ADD PRIMARY KEY (`id`),
  ADD UNIQUE KEY `product_code` (`product_code`);

--
-- Indexes for table `testimonials`
--
ALTER TABLE `testimonials`
  ADD PRIMARY KEY (`id`),
  ADD KEY `testimonials_ibfk_1` (`user_id`);

--
-- Indexes for table `users`
--
ALTER TABLE `users`
  ADD PRIMARY KEY (`id`),
  ADD KEY `coach_id` (`coach_id`),
  ADD KEY `user_data_id` (`user_data_id`);

--
-- Indexes for table `user_physical_data`
--
ALTER TABLE `user_physical_data`
  ADD PRIMARY KEY (`id`);

--
-- Indexes for table `vegan_chart`
--
ALTER TABLE `vegan_chart`
  ADD PRIMARY KEY (`id`);

--
-- Indexes for table `weight_loss_chart`
--
ALTER TABLE `weight_loss_chart`
  ADD PRIMARY KEY (`id`);

--
-- Indexes for table `workouts_exercises`
--
ALTER TABLE `workouts_exercises`
  ADD PRIMARY KEY (`id`),
  ADD KEY `exercise_id` (`exercise_id`),
  ADD KEY `user_id` (`user_id`);

--
-- AUTO_INCREMENT for dumped tables
--

--
-- AUTO_INCREMENT for table `contacts`
--
ALTER TABLE `contacts`
  MODIFY `id` int(10) NOT NULL AUTO_INCREMENT, AUTO_INCREMENT=10;

--
-- AUTO_INCREMENT for table `exercises`
--
ALTER TABLE `exercises`
  MODIFY `id` int(11) NOT NULL AUTO_INCREMENT, AUTO_INCREMENT=37;

--
-- AUTO_INCREMENT for table `faq`
--
ALTER TABLE `faq`
  MODIFY `id` int(11) NOT NULL AUTO_INCREMENT, AUTO_INCREMENT=25;

--
-- AUTO_INCREMENT for table `orders`
--
ALTER TABLE `orders`
  MODIFY `id` int(15) NOT NULL AUTO_INCREMENT, AUTO_INCREMENT=13;

--
-- AUTO_INCREMENT for table `testimonials`
--
ALTER TABLE `testimonials`
  MODIFY `id` int(11) NOT NULL AUTO_INCREMENT, AUTO_INCREMENT=52;

--
-- AUTO_INCREMENT for table `users`
--
ALTER TABLE `users`
  MODIFY `id` int(11) NOT NULL AUTO_INCREMENT, AUTO_INCREMENT=91;

--
-- AUTO_INCREMENT for table `user_physical_data`
--
ALTER TABLE `user_physical_data`
  MODIFY `id` int(11) NOT NULL AUTO_INCREMENT, AUTO_INCREMENT=38;

--
-- AUTO_INCREMENT for table `vegan_chart`
--
ALTER TABLE `vegan_chart`
  MODIFY `id` int(11) NOT NULL AUTO_INCREMENT, AUTO_INCREMENT=4;

--
-- AUTO_INCREMENT for table `weight_loss_chart`
--
ALTER TABLE `weight_loss_chart`
  MODIFY `id` int(11) NOT NULL AUTO_INCREMENT, AUTO_INCREMENT=4;

--
-- Constraints for dumped tables
--

--
-- Constraints for table `testimonials`
--
ALTER TABLE `testimonials`
  ADD CONSTRAINT `testimonials_ibfk_1` FOREIGN KEY (`user_id`) REFERENCES `users` (`id`) ON DELETE CASCADE ON UPDATE CASCADE;

--
-- Constraints for table `workouts_exercises`
--
ALTER TABLE `workouts_exercises`
  ADD CONSTRAINT `workouts_exercises_ibfk_1` FOREIGN KEY (`exercise_id`) REFERENCES `exercises` (`id`) ON DELETE SET NULL ON UPDATE CASCADE,
  ADD CONSTRAINT `workouts_exercises_ibfk_2` FOREIGN KEY (`user_id`) REFERENCES `users` (`id`) ON DELETE SET NULL ON UPDATE CASCADE;
COMMIT;

/*!40101 SET CHARACTER_SET_CLIENT=@OLD_CHARACTER_SET_CLIENT */;
/*!40101 SET CHARACTER_SET_RESULTS=@OLD_CHARACTER_SET_RESULTS */;
/*!40101 SET COLLATION_CONNECTION=@OLD_COLLATION_CONNECTION */;
